[
  {
    "name": "Visit New Hampshire",
    "address": "",
    "phone": "",
    "rating": 4.0,
    "reviews": 15,
    "website": "https://www.visit-newhampshire.com/state/casual-dining/",
    "category": "Minors-owned Casual dining in New-Hampshire",
    "hours": "Mon-Fri 9AM-6PM",
    "description": "casual dining - nh statewide new hampshire 's casual dining is a treat of magnificent variety in style and traditions . you\u2019ll find something for everyone and for every taste and whim from comfort ...",
    "services": [
      "Minors-owned Casual dining in New-Hampshire consultation",
      "Professional service",
      "Quality guarantee"
    ],
    "social_links": {}
  },
  {
    "name": "LAKES REGION CHAMBER",
    "address": "",
    "phone": "",
    "rating": 4.2,
    "reviews": 20,
    "website": "http://www.lakesregionchamber.org/members/category/casual-232",
    "category": "Minors-owned Casual dining in New-Hampshire",
    "hours": "Mon-Fri 9AM-6PM",
    "description": "casual results found : 33 koung sushi mart koung sushi mart is a local sushi restaurant nestled in the heart of laconia , nh . koung sushi serves the thriving downtown with passion , hard work ,...",
    "services": [
      "Minors-owned Casual dining in New-Hampshire consultation",
      "Professional service",
      "Quality guarantee"
    ],
    "social_links": {}
  },
  {
    "name": "Craft beers, good humor and live music with 5 NH locations.",
    "address": "",
    "phone": "",
    "rating": 4.4,
    "reviews": 25,
    "website": "https://www.salthillpub.com/",
    "category": "Minors-owned Casual dining in New-Hampshire",
    "hours": "Mon-Fri 9AM-6PM",
    "description": "honest food . perfect pints .",
    "services": [
      "Minors-owned Casual dining in New-Hampshire consultation",
      "Professional service",
      "Quality guarantee"
    ],
    "social_links": {}
  },
  {
    "name": "Littleton NH Restaurants",
    "address": "",
    "phone": "",
    "rating": 4.6,
    "reviews": 30,
    "website": "https://www.golittleton.com/littleton_dining.php",
    "category": "Minors-owned Casual dining in New-Hampshire",
    "hours": "Mon-Fri 9AM-6PM",
    "description": "littleton area dining whether you prefer a quiet nook and a gourmet dinner or gathering around a sunny breakfast counter with friends , littleton 's myriad eateries aim to please . main street is b...",
    "services": [
      "Minors-owned Casual dining in New-Hampshire consultation",
      "Professional service",
      "Quality guarantee"
    ],
    "social_links": {}
  },
  {
    "name": "Family Restaurant Manchester, NH",
    "address": "",
    "phone": "( 603 ) 626 - 3711",
    "rating": 4.8,
    "reviews": 35,
    "website": "https://olliesfoodandspirits.com/",
    "category": "Minors-owned Casual dining in New-Hampshire",
    "hours": "Mon-Fri 9AM-6PM",
    "description": "ollie \u2019s food & spirits ( 603 ) 626 - 3711 ollies food and spirits @ gmail . com serving fantastic food in manchester , nh since 1989 ollie \u2019s food & spirits in manchester , nh first opened ...",
    "services": [
      "Minors-owned Casual dining in New-Hampshire consultation",
      "Professional service",
      "Quality guarantee"
    ],
    "social_links": {}
  },
  {
    "name": "Hampshire Area Chamber of Commerce",
    "address": "122 washington st po box 93 \n hampshire il 60140",
    "phone": "( 224 ) 218 - 7000",
    "rating": 4.0,
    "reviews": 40,
    "website": "https://business.hampshirechamber.org/list/ql/restaurants-food-beverages-46",
    "category": "Minors-owned Casual dining in New-Hampshire",
    "hours": "Mon-Fri 9AM-6PM",
    "description": "restaurants , food & beverages results found : 17 the vintage hammer the vintage hammer 122 washington st po box 93 hampshire il 60140 ( 224 ) 218 - 7000 the kave the kave 123 washin...",
    "services": [
      "Minors-owned Casual dining in New-Hampshire consultation",
      "Professional service",
      "Quality guarantee"
    ],
    "social_links": {}
  },
  {
    "name": "Upper Valley Connections",
    "address": "",
    "phone": "603 - 643 - 2570",
    "rating": 4.2,
    "reviews": 45,
    "website": "https://www.uppervalleyconnections.com/business?category=Casual%20Dining",
    "category": "Minors-owned Casual dining in New-Hampshire",
    "hours": "Mon-Fri 9AM-6PM",
    "description": "casual dining molly 's restaurant & bar 43 south main street , hanover , nh 603 - 643 - 2570 hanover 's lively tavern for pizza , drinks , & fun . sawtooth kitchen under allen street , han...",
    "services": [
      "Minors-owned Casual dining in New-Hampshire consultation",
      "Professional service",
      "Quality guarantee"
    ],
    "social_links": {}
  },
  {
    "name": "The Common Man Family New Hampshire",
    "address": "",
    "phone": "",
    "rating": 4.4,
    "reviews": 50,
    "website": "https://www.thecman.com/common-man-merrimack",
    "category": "Minors-owned Casual dining in New-Hampshire",
    "hours": "Mon-Fri 9AM-6PM",
    "description": "common man merrimack , n . the common man restaurant in merrimack , n .",
    "services": [
      "Minors-owned Casual dining in New-Hampshire consultation",
      "Professional service",
      "Quality guarantee"
    ],
    "social_links": {}
  },
  {
    "name": "Greater Manchester Chamber of Commerce",
    "address": "875 elm street \n manchester , nh 03101",
    "phone": "( 603 ) 836 - 1150",
    "rating": 4.6,
    "reviews": 55,
    "website": "https://business.manchester-chamber.org/list/ql/restaurants-food-beverages-22",
    "category": "Minors-owned Casual dining in New-Hampshire",
    "hours": "Mon-Fri 9AM-6PM",
    "description": "results found : 53 view on map new search 110 grill 875 elm street manchester , nh 03101 ( 603 ) 836 - 1150 815 cocktails & provisions 815 elm st manchester , nh 03101 ( 603 ) 571 - 04...",
    "services": [
      "Minors-owned Casual dining in New-Hampshire consultation",
      "Professional service",
      "Quality guarantee"
    ],
    "social_links": {}
  },
  {
    "name": "Chester NH",
    "address": "23 villager road \n chester , nh 03036",
    "phone": "( 603 ) 978 - 4826",
    "rating": 4.8,
    "reviews": 60,
    "website": "https://www.chesternh.org/business-directory/by-category/Food-%26-Entertainment",
    "category": "Minors-owned Casual dining in New-Hampshire",
    "hours": "Mon-Fri 9AM-6PM",
    "description": "business directory - food & entertainment debbie d 's ( 603 ) 978 - 4826 chester , nh 03036 e & d cupcakery ( 603 ) 425 - 3821 23 villager road chester , nh 03036 field to fork farm ...",
    "services": [
      "Minors-owned Casual dining in New-Hampshire consultation",
      "Professional service",
      "Quality guarantee"
    ],
    "social_links": {}
  }
]