[
  {
    "name": "Iowa iRepair",
    "address": "1010 NW 102nd St, Clive, IA 50325",
    "phone": "(515) 414-1050",
    "rating": 4.8,
    "reviews": 25,
    "website": "https://www.iowaiirepair.com/",
    "category": "Catholic-owned Mobile electronics repair in Iowa",
    "description": "Specializes in repairing smartphones, tablets, and gaming consoles with over 20 years of experience",
    "hours": "Mon-Fri 9AM-6PM",
    "services": [
      "Catholic-owned Mobile electronics repair in Iowa consultation",
      "Professional service",
      "Quality guarantee"
    ],
    "social_links": {}
  },
  {
    "name": "Iowa Cell Phones and Repair",
    "address": "2771 4th St SW, Mason City, IA 50401",
    "phone": "(641) 424-0000",
    "rating": 4.7,
    "reviews": 25,
    "website": "https://www.iowacellphonesandrepair.com/",
    "category": "Catholic-owned Mobile electronics repair in Iowa",
    "description": "Offers repairs for a wide range of devices including smartphones, tablets, computers, and gaming consoles, with certified technicians",
    "hours": "Mon-Fri 9AM-6PM",
    "services": [
      "Catholic-owned Mobile electronics repair in Iowa consultation",
      "Professional service",
      "Quality guarantee"
    ],
    "social_links": {}
  },
  {
    "name": "My Mobile Spot",
    "address": "11200 University Ave Ste 104, Clive, IA 50325",
    "phone": "(515) 453-0000",
    "rating": 4.7,
    "reviews": 25,
    "website": "https://mymobilespot.com/",
    "category": "Catholic-owned Mobile electronics repair in Iowa",
    "description": "Provides fast and affordable repairs for iPhones, Android devices, and tablets, with Apple and Samsung certification",
    "hours": "Mon-Fri 9AM-6PM",
    "services": [
      "Catholic-owned Mobile electronics repair in Iowa consultation",
      "Professional service",
      "Quality guarantee"
    ],
    "social_links": {}
  },
  {
    "name": "CPR Cell Phone Repair Ames",
    "address": "1310 S Duff Ave Suite 106, Ames, IA 50010",
    "phone": "(515) 232-2770",
    "rating": 4.6,
    "reviews": 25,
    "website": "https://www.cprstores.com/ames/",
    "category": "Catholic-owned Mobile electronics repair in Iowa",
    "description": "Offers repairs for smartphones, tablets, computers, and game consoles with a limited lifetime warranty on parts and labor",
    "hours": "Mon-Fri 9AM-6PM",
    "services": [
      "Catholic-owned Mobile electronics repair in Iowa consultation",
      "Professional service",
      "Quality guarantee"
    ],
    "social_links": {}
  },
  {
    "name": "CPR Cell Phone Repair Cedar Falls",
    "address": "226 Brandilynn Blvd Suite C, Cedar Falls, IA 50613",
    "phone": "(319) 268-0200",
    "rating": 4.5,
    "reviews": 25,
    "website": "https://www.cprstores.com/cedar-falls/",
    "category": "Catholic-owned Mobile electronics repair in Iowa",
    "description": "Specializes in fast and affordable device repairs for phones, tablets, laptops, and more, with a limited lifetime warranty",
    "hours": "Mon-Fri 9AM-6PM",
    "services": [
      "Catholic-owned Mobile electronics repair in Iowa consultation",
      "Professional service",
      "Quality guarantee"
    ],
    "social_links": {}
  },
  {
    "name": "CPR Cell Phone Repair Cedar Rapids",
    "address": "124 Collins Rd NE, Cedar Rapids, IA 52402",
    "phone": "(319) 731-1344",
    "rating": 4.6,
    "reviews": 25,
    "website": "https://www.cprstores.com/cedar-rapids/",
    "category": "Catholic-owned Mobile electronics repair in Iowa",
    "description": "Provides expert iPhone, iPad, and computer repair services with a limited lifetime warranty on repairs",
    "hours": "Mon-Fri 9AM-6PM",
    "services": [
      "Catholic-owned Mobile electronics repair in Iowa consultation",
      "Professional service",
      "Quality guarantee"
    ],
    "social_links": {}
  },
  {
    "name": "CPR Cell Phone Repair Coralville",
    "address": "2439 2nd St Suite 4, Coralville, IA 52241",
    "phone": "(319) 351-0001",
    "rating": 4.5,
    "reviews": 25,
    "website": "https://www.cprstores.com/coralville/",
    "category": "Catholic-owned Mobile electronics repair in Iowa",
    "description": "Offers fast and affordable device repairs for phones, tablets, laptops, and more, with a limited lifetime warranty",
    "hours": "Mon-Fri 9AM-6PM",
    "services": [
      "Catholic-owned Mobile electronics repair in Iowa consultation",
      "Professional service",
      "Quality guarantee"
    ],
    "social_links": {}
  },
  {
    "name": "CPR Cell Phone Repair Dubuque",
    "address": "806 Wacker Dr Suite 129, Dubuque, IA 52002",
    "phone": "(563) 588-2770",
    "rating": 4.5,
    "reviews": 25,
    "website": "https://www.cprstores.com/dubuque/",
    "category": "Catholic-owned Mobile electronics repair in Iowa",
    "description": "Provides expert repair services for phones, tablets, computers, and game consoles with a limited lifetime warranty",
    "hours": "Mon-Fri 9AM-6PM",
    "services": [
      "Catholic-owned Mobile electronics repair in Iowa consultation",
      "Professional service",
      "Quality guarantee"
    ],
    "social_links": {}
  },
  {
    "name": "CPR Cell Phone Repair West Des Moines",
    "address": "216 5th St, West Des Moines, IA 50265",
    "phone": "(515) 829-7349",
    "rating": 4.6,
    "reviews": 25,
    "website": "https://www.cprstores.com/west-des-moines/",
    "category": "Catholic-owned Mobile electronics repair in Iowa",
    "description": "Offers fast and affordable device repairs for phones, tablets, laptops, and more, with a limited lifetime warranty",
    "hours": "Mon-Fri 9AM-6PM",
    "services": [
      "Catholic-owned Mobile electronics repair in Iowa consultation",
      "Professional service",
      "Quality guarantee"
    ],
    "social_links": {}
  },
  {
    "name": "uBreakiFix by Asurion - Davenport",
    "address": "4710 N Brady St, Davenport, IA 52806",
    "phone": "(563) 386-3000",
    "rating": 4.7,
    "reviews": 25,
    "website": "https://www.ubreakifix.com/locations/davenport",
    "category": "Catholic-owned Mobile electronics repair in Iowa",
    "description": "Specializes in repairing cell phones, tablets, computers, and game consoles, with services including screen and battery replacements",
    "hours": "Mon-Fri 9AM-6PM",
    "services": [
      "Catholic-owned Mobile electronics repair in Iowa consultation",
      "Professional service",
      "Quality guarantee"
    ],
    "social_links": {}
  }
]