[
  {
    "name": "Daybreak",
    "address": "7819 rocky springs road \n frederick , md 21702",
    "phone": "301 - 696 - 0808",
    "rating": 4.0,
    "reviews": 15,
    "website": "https://daybreakadultdayservices.org/our-programs-and-services/",
    "category": "Alaska-Native-owned Adult day programs in Maryland",
    "hours": "Mon-Fri 9AM-6PM",
    "description": "our programs activities dining daybreak adult day services 7819 rocky springs road frederick , md 21702 301 - 696 - 0808 301 - 6961164 ( fax ) tty / hco 1 - 800 - 735 - 2258 director...",
    "services": [
      "Alaska-Native-owned Adult day programs in Maryland consultation",
      "Professional service",
      "Quality guarantee"
    ],
    "social_links": {}
  },
  {
    "name": "results",
    "address": "",
    "phone": "",
    "rating": 4.2,
    "reviews": 20,
    "website": "https://search.marylandaccesspoint.211md.org/search?query=PH-0320&query_label=Adult%20Day%20Programs&query_type=taxonomy",
    "category": "Alaska-Native-owned Adult day programs in Maryland",
    "hours": "Mon-Fri 9AM-6PM",
    "description": "adult day programs 1 - 25 of 76 allegany county human resources development commission , adult medical care center offers a day program that provides socialization and healthcare for individuals...",
    "services": [
      "Alaska-Native-owned Adult day programs in Maryland consultation",
      "Professional service",
      "Quality guarantee"
    ],
    "social_links": {}
  },
  {
    "name": "Adult Day Care Maryland",
    "address": "",
    "phone": "",
    "rating": 4.4,
    "reviews": 25,
    "website": "https://www.townsquare.net/adult-day-care/maryland/",
    "category": "Alaska-Native-owned Adult day programs in Maryland",
    "hours": "Mon-Fri 9AM-6PM",
    "description": "town square \u2019s adult day care in maryland we know we can provide the top adult day care in maryland . town square is delighted to offer maryland residents high - quality adult day services and prog...",
    "services": [
      "Alaska-Native-owned Adult day programs in Maryland consultation",
      "Professional service",
      "Quality guarantee"
    ],
    "social_links": {}
  },
  {
    "name": "Kent County MD Health Department",
    "address": "",
    "phone": "",
    "rating": 4.6,
    "reviews": 30,
    "website": "https://kenthd.org/health-services/senior-services-disability/medical-adult-day-care/",
    "category": "Alaska-Native-owned Adult day programs in Maryland",
    "hours": "Mon-Fri 9AM-6PM",
    "description": "senior services & disability medical adult day center overview the kent county medical adult day center is a community - based day program licensed by the state of maryland for health impaired a...",
    "services": [
      "Alaska-Native-owned Adult day programs in Maryland consultation",
      "Professional service",
      "Quality guarantee"
    ],
    "social_links": {}
  },
  {
    "name": "MENTOR Adult Day Health",
    "address": "",
    "phone": "",
    "rating": 4.8,
    "reviews": 35,
    "website": "https://www.mentoradh.com/our-centers/maryland/",
    "category": "Alaska-Native-owned Adult day programs in Maryland",
    "hours": "Mon-Fri 9AM-6PM",
    "description": "maryland mentor adult day health centers are conveniently located across the greater baltimore area . each of our locations operates as a vibrant \u201c community center \u201d with services tailored to the ...",
    "services": [
      "Alaska-Native-owned Adult day programs in Maryland consultation",
      "Professional service",
      "Quality guarantee"
    ],
    "social_links": {}
  },
  {
    "name": "Columbia, MD",
    "address": "",
    "phone": "( 800 ) 558 - 0653",
    "rating": 4.0,
    "reviews": 40,
    "website": "https://www.caring.com/senior-living/maryland/columbia/maryland-association-of-adult-day-services",
    "category": "Alaska-Native-owned Adult day programs in Maryland",
    "hours": "Mon-Fri 9AM-6PM",
    "description": "maryland association of adult day services 10280 old columbia pike , suite 220 , columbia , md 21046 ( 800 ) 558 - 0653 ( caring family advisor\u2122 ) care offered : adult day care about maryland ...",
    "services": [
      "Alaska-Native-owned Adult day programs in Maryland consultation",
      "Professional service",
      "Quality guarantee"
    ],
    "social_links": {}
  },
  {
    "name": "Division of Workforce Development and Adult Learning",
    "address": "",
    "phone": "",
    "rating": 4.2,
    "reviews": 45,
    "website": "https://labor.maryland.gov/adultliteracy/alle.shtml",
    "category": "Alaska-Native-owned Adult day programs in Maryland",
    "hours": "Mon-Fri 9AM-6PM",
    "description": "allegany county - directory of maryland adult education programs / classes - adult education and literacy services allegany college of maryland center for continuing education and workforce develop...",
    "services": [
      "Alaska-Native-owned Adult day programs in Maryland consultation",
      "Professional service",
      "Quality guarantee"
    ],
    "social_links": {}
  },
  {
    "name": "Division of Workforce Development and Adult Learning",
    "address": "10650 hickory ridge road \n columbia , md 21044",
    "phone": "",
    "rating": 4.4,
    "reviews": 50,
    "website": "https://labor.md.gov/adultliteracy/howard.shtml",
    "category": "Alaska-Native-owned Adult day programs in Maryland",
    "hours": "Mon-Fri 9AM-6PM",
    "description": "howard county - directory of maryland adult education programs / classes - adult education and literacy services howard community college 10650 hickory ridge road columbia , md 21044 phones : ...",
    "services": [
      "Alaska-Native-owned Adult day programs in Maryland consultation",
      "Professional service",
      "Quality guarantee"
    ],
    "social_links": {}
  },
  {
    "name": "Advance Adult Daycare",
    "address": "",
    "phone": "",
    "rating": 4.6,
    "reviews": 55,
    "website": "https://www.advanceadultdaycare.com/",
    "category": "Alaska-Native-owned Adult day programs in Maryland",
    "hours": "Mon-Fri 9AM-6PM",
    "description": "advance adult day care open and accepting new clients at two locations friendship adult medical day center owings mills friendship adult medical day center rosedale quality care wi...",
    "services": [
      "Alaska-Native-owned Adult day programs in Maryland consultation",
      "Professional service",
      "Quality guarantee"
    ],
    "social_links": {}
  },
  {
    "name": "Home",
    "address": "",
    "phone": "",
    "rating": 4.8,
    "reviews": 60,
    "website": "https://www.goldenpondday.com/",
    "category": "Alaska-Native-owned Adult day programs in Maryland",
    "hours": "Mon-Fri 9AM-6PM",
    "description": "golden pond day care program , inc. \" care is what we do for you \" golden pond day care program , inc .",
    "services": [
      "Alaska-Native-owned Adult day programs in Maryland consultation",
      "Professional service",
      "Quality guarantee"
    ],
    "social_links": {}
  }
]