[
  {
    "name": "St. Mary Catholic Virtue School",
    "address": "6833 S Prince St, Littleton, CO 80120, USA",
    "phone": "(303) 798-2375",
    "rating": 4.2,
    "reviews": 25,
    "website": "https://littletoncatholicschool.com/",
    "category": "Catholic-owned Daycare centers in Colorado",
    "description": "Offers preschool programs for 3 and 4-year-olds, as well as K-8 education",
    "hours": "Mon-Fri 9AM-6PM",
    "services": [
      "Catholic-owned Daycare centers in Colorado consultation",
      "Professional service",
      "Quality guarantee"
    ],
    "social_links": {}
  },
  {
    "name": "Christ the King Roman Catholic School",
    "address": "860 Elm St, Denver, CO 80220",
    "phone": "303-321-2123",
    "rating": 4.0,
    "reviews": 25,
    "website": "https://www.ctkcsdenver.org/",
    "category": "Catholic-owned Daycare centers in Colorado",
    "description": "Offers education for Pre-K through 8th grade",
    "hours": "Mon-Fri 9AM-6PM",
    "services": [
      "Catholic-owned Daycare centers in Colorado consultation",
      "Professional service",
      "Quality guarantee"
    ],
    "social_links": {}
  },
  {
    "name": "Most Precious Blood Catholic School - Early Learning Center",
    "address": "4550 E. 136th Ave, Thornton, CO 80602 (Note: This address is for the parish, the ELC may be at a different location or associated with the parish.)",
    "phone": "(303) 733-1044 (Parish phone number)",
    "rating": 4.0,
    "reviews": 25,
    "website": "https://www.mostpreciousblood.org/early-learning-center",
    "category": "Catholic-owned Daycare centers in Colorado",
    "description": "Provides a Catholic preschool environment for children aged 2.5 years and potty trained, with pre-kindergarten classes and summer camp",
    "hours": "Mon-Fri 9AM-6PM",
    "services": [
      "Catholic-owned Daycare centers in Colorado consultation",
      "Professional service",
      "Quality guarantee"
    ],
    "social_links": {}
  },
  {
    "name": "Catholic Charities Ecc Program At Quigg",
    "address": "4440 Navajo St, Denver, CO 80211",
    "phone": "(303) 295-3165",
    "rating": 4.0,
    "reviews": 25,
    "website": "https://www.ccdenver.org/services/early-childhood-education/",
    "category": "Catholic-owned Daycare centers in Colorado",
    "description": "A licensed child care center offering daycare programs for children aged 6 weeks to 4 years 11 months",
    "hours": "Mon-Fri 9AM-6PM",
    "services": [
      "Catholic-owned Daycare centers in Colorado consultation",
      "Professional service",
      "Quality guarantee"
    ],
    "social_links": {}
  },
  {
    "name": "Little Wildflowers Childcare",
    "address": "Brighton, CO (Home-based)",
    "phone": "",
    "rating": 4.0,
    "reviews": 25,
    "website": "https://www.littlewildflowerschildcare.com/",
    "category": "Catholic-owned Daycare centers in Colorado",
    "description": "A state-licensed, Catholic-centered in-home daycare",
    "hours": "Mon-Fri 9AM-6PM",
    "services": [
      "Catholic-owned Daycare centers in Colorado consultation",
      "Professional service",
      "Quality guarantee"
    ],
    "social_links": {}
  },
  {
    "name": "Shrine of St. Anne Catholic School",
    "address": "7755 Vance Dr, Arvada, CO 80003",
    "phone": "(303) 422-1120",
    "rating": 4.0,
    "reviews": 25,
    "website": "https://www.stannes-denver.org/",
    "category": "Catholic-owned Daycare centers in Colorado",
    "description": "Offers K-8 education with a focus on Catholic faith formation",
    "hours": "Mon-Fri 9AM-6PM",
    "services": [
      "Catholic-owned Daycare centers in Colorado consultation",
      "Professional service",
      "Quality guarantee"
    ],
    "social_links": {}
  },
  {
    "name": "St. Bernadette Catholic School",
    "address": "1100 Upham St, Lakewood, CO 80214",
    "phone": "(303) 237-0401",
    "rating": 4.0,
    "reviews": 25,
    "website": "https://www.gowellspring.org/",
    "category": "Catholic-owned Daycare centers in Colorado",
    "description": "Serves students from Pre-K 2 through 8th grade, emphasizing Catholic values and academic excellence",
    "hours": "Mon-Fri 9AM-6PM",
    "services": [
      "Catholic-owned Daycare centers in Colorado consultation",
      "Professional service",
      "Quality guarantee"
    ],
    "social_links": {}
  },
  {
    "name": "St. Louis Catholic School",
    "address": "925 Grant Ave, Louisville, CO 80027",
    "phone": "(303) 666-6220",
    "rating": 4.5,
    "reviews": 25,
    "website": "https://www.stlouis-louisville.org/",
    "category": "Catholic-owned Daycare centers in Colorado",
    "description": "Provides a Christian educational environment for children in preschool through eighth grade, with before and after school care",
    "hours": "Mon-Fri 9AM-6PM",
    "services": [
      "Catholic-owned Daycare centers in Colorado consultation",
      "Professional service",
      "Quality guarantee"
    ],
    "social_links": {}
  },
  {
    "name": "St. Mary's Academy",
    "address": "109 N Macdonald, Mesa, AZ 85201",
    "phone": "(480) 969-0226",
    "rating": 4.0,
    "reviews": 25,
    "website": "https://www.qop.org/",
    "category": "Catholic-owned Daycare centers in Colorado",
    "description": "Offers PK, K-8 education with a Christ-centered and service-oriented mission",
    "hours": "Mon-Fri 9AM-6PM",
    "services": [
      "Catholic-owned Daycare centers in Colorado consultation",
      "Professional service",
      "Quality guarantee"
    ],
    "social_links": {}
  }
]