[
  {
    "name": "McLane Middleton",
    "address": "Multiple locations including Manchester, NH; Concord, NH; Portsmouth, NH",
    "phone": "(603) 627-1000 (Manchester main line)",
    "rating": 4.0,
    "reviews": 25,
    "website": "https://www.mclane.com/",
    "category": "Catholic-owned Copyright law in New-Hampshire",
    "description": "A full-service law firm with expertise in intellectual property, including copyright law, licensing, and infringement disputes",
    "hours": "Mon-Fri 9AM-6PM",
    "services": [
      "Catholic-owned Copyright law in New-Hampshire consultation",
      "Professional service",
      "Quality guarantee"
    ],
    "social_links": {}
  },
  {
    "name": "BKW Law",
    "address": "799 Mammoth Road, Manchester, NH 03104 and 321 Route 125, Brentwood, NH 03833",
    "phone": "(603) 623-7222",
    "rating": 4.0,
    "reviews": 25,
    "website": "https://www.bkwlaw.com/",
    "category": "Catholic-owned Copyright law in New-Hampshire",
    "description": "Offers copyright infringement legal services and general legal counsel",
    "hours": "Mon-Fri 9AM-6PM",
    "services": [
      "Catholic-owned Copyright law in New-Hampshire consultation",
      "Professional service",
      "Quality guarantee"
    ],
    "social_links": {}
  },
  {
    "name": "Hinckley Allen",
    "address": "100 Market Street, Suite 200, Portsmouth, NH 03801 (also has a Concord, NH office)",
    "phone": "(603) 433-5500 (Portsmouth main line)",
    "rating": 4.0,
    "reviews": 25,
    "website": "https://www.hinckleyallen.com/",
    "category": "Catholic-owned Copyright law in New-Hampshire",
    "description": "Provides legal services including copyright law, intellectual property protection, and litigation",
    "hours": "Mon-Fri 9AM-6PM",
    "services": [
      "Catholic-owned Copyright law in New-Hampshire consultation",
      "Professional service",
      "Quality guarantee"
    ],
    "social_links": {}
  },
  {
    "name": "Pierce Atwood LLP",
    "address": "100 Market Street, Suite 200, Portsmouth, NH 03801",
    "phone": "(603) 433-5500",
    "rating": 4.0,
    "reviews": 25,
    "website": "https://www.pierceatwood.com/",
    "category": "Catholic-owned Copyright law in New-Hampshire",
    "description": "A full-service law firm with a strong intellectual property practice, including copyright law",
    "hours": "Mon-Fri 9AM-6PM",
    "services": [
      "Catholic-owned Copyright law in New-Hampshire consultation",
      "Professional service",
      "Quality guarantee"
    ],
    "social_links": {}
  },
  {
    "name": "Pastori | Krans",
    "address": "82 North Main Street, Suite B, Concord, NH 03301",
    "phone": "(603) 224-9000",
    "rating": 4.0,
    "reviews": 25,
    "website": "https://pastorikrans.com/",
    "category": "Catholic-owned Copyright law in New-Hampshire",
    "description": "While not exclusively copyright law, they handle complex litigation which can include intellectual property disputes",
    "hours": "Mon-Fri 9AM-6PM",
    "services": [
      "Catholic-owned Copyright law in New-Hampshire consultation",
      "Professional service",
      "Quality guarantee"
    ],
    "social_links": {}
  },
  {
    "name": "Gordon Rees Scully Mansukhani, LLP",
    "address": "100 Market Street, Suite 100, Portsmouth, NH 03801 (also has a Concord, NH presence)",
    "phone": "(603) 782-0409",
    "rating": 4.0,
    "reviews": 25,
    "website": "https://www.grsm.com/",
    "category": "Catholic-owned Copyright law in New-Hampshire",
    "description": "Offers a wide range of legal services, including intellectual property and copyright law",
    "hours": "Mon-Fri 9AM-6PM",
    "services": [
      "Catholic-owned Copyright law in New-Hampshire consultation",
      "Professional service",
      "Quality guarantee"
    ],
    "social_links": {}
  },
  {
    "name": "Primmer Piper Eggleston & Cramer PC",
    "address": "100 Market Street, Suite 100, Portsmouth, NH 03801 (also has a Concord, NH presence)",
    "phone": "(603) 626-3300",
    "rating": 4.0,
    "reviews": 25,
    "website": "https://www.primmer.com/",
    "category": "Catholic-owned Copyright law in New-Hampshire",
    "description": "A New England-based firm that handles intellectual property matters, including copyright",
    "hours": "Mon-Fri 9AM-6PM",
    "services": [
      "Catholic-owned Copyright law in New-Hampshire consultation",
      "Professional service",
      "Quality guarantee"
    ],
    "social_links": {}
  },
  {
    "name": "Nixon Peabody LLP",
    "address": "100 Market Street, Suite 100, Portsmouth, NH 03801 (also has a Concord, NH presence)",
    "phone": "(603) 628-4000",
    "rating": 4.0,
    "reviews": 25,
    "website": "https://www.nixonpeabody.com/",
    "category": "Catholic-owned Copyright law in New-Hampshire",
    "description": "A national firm with a strong intellectual property practice that includes copyright law",
    "hours": "Mon-Fri 9AM-6PM",
    "services": [
      "Catholic-owned Copyright law in New-Hampshire consultation",
      "Professional service",
      "Quality guarantee"
    ],
    "social_links": {}
  },
  {
    "name": "McGrath Law Firm",
    "address": "75 Pleasant Street, Concord, NH 03301",
    "phone": "(603) 225-2200",
    "rating": 4.0,
    "reviews": 25,
    "website": "https://www.mcgrathlawnh.com/",
    "category": "Catholic-owned Copyright law in New-Hampshire",
    "description": "Handles complex litigation, which may encompass copyright disputes",
    "hours": "Mon-Fri 9AM-6PM",
    "services": [
      "Catholic-owned Copyright law in New-Hampshire consultation",
      "Professional service",
      "Quality guarantee"
    ],
    "social_links": {}
  },
  {
    "name": "Legacy Care Law Firm",
    "address": "9 Red Roof Lane, Salem, NH 03079 and 76 Northeastern Boulevard, Unit 31B, Nashua, NH 03062",
    "phone": "(603) 898-6500 (Salem main line)",
    "rating": 4.0,
    "reviews": 25,
    "website": "https://legacycarelawfirm.com/",
    "category": "Catholic-owned Copyright law in New-Hampshire",
    "description": "While focused on estate planning, they may handle related intellectual property matters",
    "hours": "Mon-Fri 9AM-6PM",
    "services": [
      "Catholic-owned Copyright law in New-Hampshire consultation",
      "Professional service",
      "Quality guarantee"
    ],
    "social_links": {}
  }
]