[
  {
    "name": "CellPhoneRepair.com",
    "address": "",
    "phone": "( 808 ) 788 - 9777",
    "rating": 4.0,
    "reviews": 15,
    "website": "https://www.cellphonerepair.com/kapolei-hi",
    "category": "Chinese-American-owned Mobile electronics repair in Hawaii",
    "hours": "Mon-Fri 9AM-6PM",
    "description": "cpr kapolei , hi - fast and affordable device repairs for phones , tablets , laptops , and more . 590 farrington hwy , ste 180 , kapolei , hi 96707 ( 808 ) 788 - 9777 store hours mon 10:...",
    "services": [
      "Chinese-American-owned Mobile electronics repair in Hawaii consultation",
      "Professional service",
      "Quality guarantee"
    ],
    "social_links": {}
  },
  {
    "name": "Home",
    "address": "",
    "phone": "( 808 ) 600 - 1665",
    "rating": 4.2,
    "reviews": 20,
    "website": "https://waikikicellphonerepair.com/",
    "category": "Chinese-American-owned Mobile electronics repair in Hawaii",
    "hours": "Mon-Fri 9AM-6PM",
    "description": "( 808 ) 600 - 1665 waikiki cell phone repair located convieniently in waikiki , we 're here to help with your technical needs . from a cracked screen , broken camera , charging port , or home ...",
    "services": [
      "Chinese-American-owned Mobile electronics repair in Hawaii consultation",
      "Professional service",
      "Quality guarantee"
    ],
    "social_links": {}
  },
  {
    "name": "uBreakiFix",
    "address": "",
    "phone": "( 808 ) 892 - 1155",
    "rating": 4.4,
    "reviews": 25,
    "website": "https://ubreakifix.com/locations/kapolei",
    "category": "Chinese-American-owned Mobile electronics repair in Hawaii",
    "hours": "Mon-Fri 9AM-6PM",
    "description": "ubreakifix by asurion - kapolei 590 farrington highway suite 522 kapolei , hi 96707 ( 808 ) 892 - 1155 4.5 store hours mon - sat : 10:00 am - 7:00pm sun : 12:00 pm - 5:00pm monday - sa...",
    "services": [
      "Chinese-American-owned Mobile electronics repair in Hawaii consultation",
      "Professional service",
      "Quality guarantee"
    ],
    "social_links": {}
  },
  {
    "name": "uBreakiFix - Phone and Computer Repair - Kailua",
    "address": "",
    "phone": "",
    "rating": 4.6,
    "reviews": 30,
    "website": "https://www.ubreakifix.com/locations/kailua/tech-recycling",
    "category": "Chinese-American-owned Mobile electronics repair in Hawaii",
    "hours": "Mon-Fri 9AM-6PM",
    "description": "tech recycling in kailua not sure what to do with your old , unwanted tech . our trusted kailua experts can safely recycle it for you .",
    "services": [
      "Chinese-American-owned Mobile electronics repair in Hawaii consultation",
      "Professional service",
      "Quality guarantee"
    ],
    "social_links": {}
  },
  {
    "name": "Honolulu - Waipahu - Pearl City",
    "address": "",
    "phone": "",
    "rating": 4.8,
    "reviews": 35,
    "website": "https://tcawireless.com/",
    "category": "Chinese-American-owned Mobile electronics repair in Hawaii",
    "hours": "Mon-Fri 9AM-6PM",
    "description": "don quijote waipahu has moved to kapolei , but we are still in waipahu . we relocated next door , behind the 76 gas station and first hawaiian bank , across the street from mcdonald ' s .",
    "services": [
      "Chinese-American-owned Mobile electronics repair in Hawaii consultation",
      "Professional service",
      "Quality guarantee"
    ],
    "social_links": {}
  },
  {
    "name": "Maui Cell Phone Repair",
    "address": "",
    "phone": "808 - 359 - 4948",
    "rating": 4.0,
    "reviews": 40,
    "website": "https://www.mauicellphonerepair.com/",
    "category": "Chinese-American-owned Mobile electronics repair in Hawaii",
    "hours": "Mon-Fri 9AM-6PM",
    "description": "maui cell phone repair rethink phone repair broken screen old battery wet phone we got you covered . 808 - 359 - 4948 monday - friday 10 to 6 , saturday 10 to 4 333 dairy rd .",
    "services": [
      "Chinese-American-owned Mobile electronics repair in Hawaii consultation",
      "Professional service",
      "Quality guarantee"
    ],
    "social_links": {}
  },
  {
    "name": "Tricked Out Accessories & Phone Repair",
    "address": "",
    "phone": "( 808 ) 488 - 8885",
    "rating": 4.2,
    "reviews": 45,
    "website": "https://trickedoutonline.com/phone-repair-store-aiea",
    "category": "Chinese-American-owned Mobile electronics repair in Hawaii",
    "hours": "Mon-Fri 9AM-6PM",
    "description": "tricked out accessories locations pearlridge center phone repair store in aiea , hawaii located in the pearlridge center contact phone : ( 808 ) 488 - 8885 \u202c 98 - 1005 moanalua road suite ...",
    "services": [
      "Chinese-American-owned Mobile electronics repair in Hawaii consultation",
      "Professional service",
      "Quality guarantee"
    ],
    "social_links": {}
  },
  {
    "name": "Trickedouthawaii",
    "address": "",
    "phone": "",
    "rating": 4.4,
    "reviews": 50,
    "website": "https://trickedouthawaii.com/pages/ka-makana-ali-i",
    "category": "Chinese-American-owned Mobile electronics repair in Hawaii",
    "hours": "Mon-Fri 9AM-6PM",
    "description": "ka makana ali\u2019i kapolei phone repair & phone accessories located on the mauka side next to volcano vape shop on the west side of oahu , tricked out accessories is nestled within the vibrant ka m...",
    "services": [
      "Chinese-American-owned Mobile electronics repair in Hawaii consultation",
      "Professional service",
      "Quality guarantee"
    ],
    "social_links": {}
  },
  {
    "name": "Hawaii Cell Phone Repair",
    "address": "",
    "phone": "808 - 936 - 3031",
    "rating": 4.6,
    "reviews": 55,
    "website": "https://www.hawaiicellphonerepair.com/",
    "category": "Chinese-American-owned Mobile electronics repair in Hawaii",
    "hours": "Mon-Fri 9AM-6PM",
    "description": "808 - 936 - 3031 | open 9 am - 6 pm mon / fri & 9 am - 5 pm sat / sun select device to get your repair started get repairs done same day what are you needing repaired . phone tablet smar...",
    "services": [
      "Chinese-American-owned Mobile electronics repair in Hawaii consultation",
      "Professional service",
      "Quality guarantee"
    ],
    "social_links": {}
  },
  {
    "name": "CellPhoneRepair.com",
    "address": "",
    "phone": "( 808 ) 788 - 9777",
    "rating": 4.8,
    "reviews": 60,
    "website": "https://www.cellphonerepair.com/kapolei-hi/buy-used-devices",
    "category": "Chinese-American-owned Mobile electronics repair in Hawaii",
    "hours": "Mon-Fri 9AM-6PM",
    "description": "visit cpr corporate website cpr kapolei 590 farrington hwy , ste 180 , kapolei , hi 96707 ( 808 ) 788 - 9777 have a question . contact us repair services iphone repair smartphone repair ip...",
    "services": [
      "Chinese-American-owned Mobile electronics repair in Hawaii consultation",
      "Professional service",
      "Quality guarantee"
    ],
    "social_links": {}
  }
]