[
  {
    "name": "New Hampshire",
    "address": "",
    "phone": "",
    "rating": 4.0,
    "reviews": 15,
    "website": "https://www.berlincity.com/oil-change-services-nh-vt-me/",
    "category": "Buddhist-owned Oil changes in New-Hampshire",
    "hours": "Mon-Fri 9AM-6PM",
    "description": "oil change services schedule an oil change appointment at one of our locations in maine , new hampshire & vermont regular oil changes can help keep your car healthier for longer . making the time ...",
    "services": [
      "Buddhist-owned Oil changes in New-Hampshire consultation",
      "Professional service",
      "Quality guarantee"
    ],
    "social_links": {}
  },
  {
    "name": "USA Business Directory - CMac.ws",
    "address": "",
    "phone": "( 603 ) 679 - 5600",
    "rating": 4.2,
    "reviews": 20,
    "website": "https://fuel-retailers.cmac.ws/buxton-oil-co-inc/17644/",
    "category": "Buddhist-owned Oil changes in New-Hampshire",
    "hours": "Mon-Fri 9AM-6PM",
    "description": "contact information buxton oil co inc 49 shirking rd , epping , nh , 03042 ( 603 ) 679 - 5600 category : fuels - retail website : n/a email : n/a map & directions 49 shirking rd ep...",
    "services": [
      "Buddhist-owned Oil changes in New-Hampshire consultation",
      "Professional service",
      "Quality guarantee"
    ],
    "social_links": {}
  },
  {
    "name": "- Village Oil",
    "address": "",
    "phone": "",
    "rating": 4.4,
    "reviews": 25,
    "website": "https://villageoil.com/",
    "category": "Buddhist-owned Oil changes in New-Hampshire",
    "hours": "Mon-Fri 9AM-6PM",
    "description": "today 's cod price : $ 3 . 650 budget price : $ 3 .",
    "services": [
      "Buddhist-owned Oil changes in New-Hampshire consultation",
      "Professional service",
      "Quality guarantee"
    ],
    "social_links": {}
  },
  {
    "name": "Better Business Bureau\u00ae Profile",
    "address": "350 langner rd . \n west seneca , ny 14224",
    "phone": "",
    "rating": 4.6,
    "reviews": 30,
    "website": "https://www.bbb.org/us/ny/west-seneca/profile/car-wash/delta-sonic-car-wash-0041-6783",
    "category": "Buddhist-owned Oil changes in New-Hampshire",
    "hours": "Mon-Fri 9AM-6PM",
    "description": "business profile for delta sonic car wash car wash headquarters multi location business at - a - glance contact information 350 langner rd . west seneca , ny 14224 ( 800 ) 843 - 54...",
    "services": [
      "Buddhist-owned Oil changes in New-Hampshire consultation",
      "Professional service",
      "Quality guarantee"
    ],
    "social_links": {}
  },
  {
    "name": "Irving Oil",
    "address": "",
    "phone": "",
    "rating": 4.8,
    "reviews": 35,
    "website": "https://www.irvingoil.com/en-US/location/irving-oil-26516",
    "category": "Buddhist-owned Oil changes in New-Hampshire",
    "hours": "Mon-Fri 9AM-6PM",
    "description": "irving oil irving oil 220 newport rd . new london , new hampshire 03257 united states store hours day hours sunday 6 : 00 am\u2013 9 : 00 pm monday 5 : 30 am\u2013 10 : 00 pm tuesday 5 : 30 am...",
    "services": [
      "Buddhist-owned Oil changes in New-Hampshire consultation",
      "Professional service",
      "Quality guarantee"
    ],
    "social_links": {}
  },
  {
    "name": "NH Trusted and Reliable Oil Company",
    "address": "",
    "phone": "",
    "rating": 4.0,
    "reviews": 40,
    "website": "https://www.bandhoil.com/about.html",
    "category": "Buddhist-owned Oil changes in New-Hampshire",
    "hours": "Mon-Fri 9AM-6PM",
    "description": "about b&h oil company proudly serving ma & nh for over 50 years we are a family - owned and operated company focused on excellent customer service . b&h oil company is your source for all your h...",
    "services": [
      "Buddhist-owned Oil changes in New-Hampshire consultation",
      "Professional service",
      "Quality guarantee"
    ],
    "social_links": {}
  },
  {
    "name": "Obrien Oil Company Me",
    "address": "",
    "phone": "( 207 ) 445 - 5222",
    "rating": 4.2,
    "reviews": 45,
    "website": "https://obrien-oil-company-me.hub.biz/",
    "category": "Buddhist-owned Oil changes in New-Hampshire",
    "hours": "Mon-Fri 9AM-6PM",
    "description": "o'brien oil company heating contractors & systems in south china , me 241 route 3 south china , me - kennebec county ( 207 ) 445 - 5222 about o'brien oil company : o'brien oil company is l...",
    "services": [
      "Buddhist-owned Oil changes in New-Hampshire consultation",
      "Professional service",
      "Quality guarantee"
    ],
    "social_links": {}
  },
  {
    "name": "-942-5512",
    "address": "",
    "phone": "( 603 ) 942 - 5512",
    "rating": 4.4,
    "reviews": 50,
    "website": "https://northwoodoilco.com/",
    "category": "Buddhist-owned Oil changes in New-Hampshire",
    "hours": "Mon-Fri 9AM-6PM",
    "description": "northwood oil company ( 603 ) 942 - 5512 northwood oil company ( 603 ) 942 - 5512 about northwood oil company making warm friends since 1964 northwood oil company is a family owned and ope...",
    "services": [
      "Buddhist-owned Oil changes in New-Hampshire consultation",
      "Professional service",
      "Quality guarantee"
    ],
    "social_links": {}
  },
  {
    "name": "Family Owned & Operated, Serving NH For 40 Years.",
    "address": "",
    "phone": "",
    "rating": 4.6,
    "reviews": 55,
    "website": "https://www.buxtonoil.com/fuel-delivery/heating-oil-delivery/",
    "category": "Buddhist-owned Oil changes in New-Hampshire",
    "hours": "Mon-Fri 9AM-6PM",
    "description": "keep the heating oil coming all winter long with prompt , reliable delivery from buxton oil . at buxton oil , we make thousands of heating oil deliveries every year to satisfied customers throughou...",
    "services": [
      "Buddhist-owned Oil changes in New-Hampshire consultation",
      "Professional service",
      "Quality guarantee"
    ],
    "social_links": {}
  },
  {
    "name": "Home",
    "address": "",
    "phone": "",
    "rating": 4.8,
    "reviews": 60,
    "website": "http://www.wachusettfueloil.com/",
    "category": "Buddhist-owned Oil changes in New-Hampshire",
    "hours": "Mon-Fri 9AM-6PM",
    "description": "quality discount oil , 24 hour service , budget plans , fixed price plans wachusett fuel oil distribution inc . * for the most up to date oil pricing please call the office directly 508 - 829 - 77...",
    "services": [
      "Buddhist-owned Oil changes in New-Hampshire consultation",
      "Professional service",
      "Quality guarantee"
    ],
    "social_links": {}
  }
]