[
  {
    "name": "Catholic Charities Diocese of Baton Rouge",
    "address": "1900 S Acadian Thruway, Baton Rouge, LA 70808",
    "phone": "(225) 342-9060",
    "rating": 4.0,
    "reviews": 25,
    "website": "https://www.ccdiobr.org/",
    "category": "Catholic-owned Daycare centers in Louisiana",
    "description": "Catholic Charities Diocese of Baton Rouge offers various services, including early childhood intervention programs and partnerships with families to prepare children for school. They serve multiple parishes in the region",
    "hours": "Mon-Fri 9AM-6PM",
    "services": [
      "Catholic-owned Daycare centers in Louisiana consultation",
      "Professional service",
      "Quality guarantee"
    ],
    "social_links": {}
  },
  {
    "name": "Catholic Charities Archdiocese of New Orleans",
    "address": "2050 Ballenger Ave, Suite 400, Alexandria, VA 22314 (This is a national office address; local New Orleans contact is below)",
    "phone": "(504) 523-3755",
    "rating": 4.0,
    "reviews": 25,
    "website": "https://www.ccano.org/",
    "category": "Catholic-owned Daycare centers in Louisiana",
    "description": "This organization provides a range of services for children and families, including early childhood education and Head Start programs in the New Orleans area. They have specific Head Start locations such as St. Mary of the Angels Head Start and Early Head Start",
    "hours": "Mon-Fri 9AM-6PM",
    "services": [
      "Catholic-owned Daycare centers in Louisiana consultation",
      "Professional service",
      "Quality guarantee"
    ],
    "social_links": {}
  },
  {
    "name": "St. Rita Catholic Preschool",
    "address": "(The search results did not provide a specific street address for the preschool, but it is associated with St. Rita Catholic School.)",
    "phone": "(703) 548-1888 ext. 16 (This appears to be a general school number, ext. 16 for Preschool Director)",
    "rating": 4.0,
    "reviews": 25,
    "website": "https://www.saintrita-school.org/",
    "category": "Catholic-owned Daycare centers in Louisiana",
    "description": "A half-day Catholic preschool dedicated to forming children intellectually and spiritually. They offer programs for children aged 2-4",
    "hours": "Mon-Fri 9AM-6PM",
    "services": [
      "Catholic-owned Daycare centers in Louisiana consultation",
      "Professional service",
      "Quality guarantee"
    ],
    "social_links": {}
  },
  {
    "name": "Christ the King School (Preschool Programs)",
    "address": "(Multiple locations found, including Richland, WA, and Daphne, AL. A specific Louisiana address for a daycare was not found in the provided search results.)",
    "phone": "",
    "rating": 4.0,
    "reviews": 25,
    "website": "https://www.google.com/maps/search/Christ+the+King+School+(Preschool+Programs)+in+Louisiana",
    "category": "Catholic-owned Daycare centers in Louisiana",
    "description": "Several Christ the King schools offer preschool programs with a focus on Catholic teachings and values",
    "hours": "Mon-Fri 9AM-6PM",
    "services": [
      "Catholic-owned Daycare centers in Louisiana consultation",
      "Professional service",
      "Quality guarantee"
    ],
    "social_links": {}
  },
  {
    "name": "St. Francis Xavier Catholic Church (Preschool Programs)",
    "address": "(Locations found in Stillwater, OK, and Phoenix, AZ. A specific Louisiana address for a daycare was not found.)",
    "phone": "",
    "rating": 4.0,
    "reviews": 25,
    "website": "https://www.google.com/maps/search/St.+Francis+Xavier+Catholic+Church+(Preschool+Programs)+in+Louisiana",
    "category": "Catholic-owned Daycare centers in Louisiana",
    "description": "St. Francis Xavier parishes often have early childhood development centers or preschool programs that are faith-based",
    "hours": "Mon-Fri 9AM-6PM",
    "services": [
      "Catholic-owned Daycare centers in Louisiana consultation",
      "Professional service",
      "Quality guarantee"
    ],
    "social_links": {}
  },
  {
    "name": "Holy Angels Residential Facility",
    "address": "10450 Ellerbe Rd, Shreveport, LA 71106",
    "phone": "(318) 797-8500",
    "rating": 4.0,
    "reviews": 25,
    "website": "https://www.laholyangels.org/",
    "category": "Catholic-owned Daycare centers in Louisiana",
    "description": "While primarily a residential facility for individuals with intellectual and developmental disabilities, Holy Angels offers day habilitation programs. It is a non-profit organization with a long history of service",
    "hours": "Mon-Fri 9AM-6PM",
    "services": [
      "Catholic-owned Daycare centers in Louisiana consultation",
      "Professional service",
      "Quality guarantee"
    ],
    "social_links": {}
  },
  {
    "name": "St. Aloysius Child Care Center",
    "address": "1801 Division Street, Metairie, LA 70001",
    "phone": "(504) 833-9894",
    "rating": 4.0,
    "reviews": 25,
    "website": "https://www.stbenildeschool.org/",
    "category": "Catholic-owned Daycare centers in Louisiana",
    "description": "This center is established to serve working families by providing quality early childhood education in a nurturing environment based in the Catholic faith. They have received high ratings for their program",
    "hours": "Mon-Fri 9AM-6PM",
    "services": [
      "Catholic-owned Daycare centers in Louisiana consultation",
      "Professional service",
      "Quality guarantee"
    ],
    "social_links": {}
  },
  {
    "name": "St. Thomas More Early Learning Center",
    "address": "(Specific address not provided in search results, but located in Louisiana.)",
    "phone": "",
    "rating": 4.0,
    "reviews": 25,
    "website": "https://www.stmber.org/",
    "category": "Catholic-owned Daycare centers in Louisiana",
    "description": "This center is built on the Christian values of the Catholic Church, providing a safe and nurturing environment for children from 12 weeks of age",
    "hours": "Mon-Fri 9AM-6PM",
    "services": [
      "Catholic-owned Daycare centers in Louisiana consultation",
      "Professional service",
      "Quality guarantee"
    ],
    "social_links": {}
  },
  {
    "name": "Our Lady of Prompt Succor School (Preschool Programs)",
    "address": "(Locations in Alexandria, LA, and Chalmette, LA.)",
    "phone": "(318) 487-1862 (Alexandria) / (504) 271-2953 (Chalmette)",
    "rating": 4.0,
    "reviews": 25,
    "website": "https://www.promptsuccor.org/",
    "category": "Catholic-owned Daycare centers in Louisiana",
    "description": "These schools offer preschool programs for children aged 3 and up, adhering to Catholic Christian philosophy and providing a nurturing environment",
    "hours": "Mon-Fri 9AM-6PM",
    "services": [
      "Catholic-owned Daycare centers in Louisiana consultation",
      "Professional service",
      "Quality guarantee"
    ],
    "social_links": {}
  },
  {
    "name": "St. Michael Special School",
    "address": "1522 Chippewa Street, New Orleans, LA 70130",
    "phone": "(504) 524-7285",
    "rating": 4.0,
    "reviews": 25,
    "website": "https://www.stmichaelspecialschool.com/",
    "category": "Catholic-owned Daycare centers in Louisiana",
    "description": "This school educates students aged six through adulthood with intellectual and developmental disabilities in a Catholic environment. While not a traditional daycare, it offers programs that support children and young adults",
    "hours": "Mon-Fri 9AM-6PM",
    "services": [
      "Catholic-owned Daycare centers in Louisiana consultation",
      "Professional service",
      "Quality guarantee"
    ],
    "social_links": {}
  }
]