[
  {
    "name": "Docsdermgroup",
    "address": "6909 good samaritan dr \n suite b \n cincinnati , oh 45247",
    "phone": "( 513 ) 588 - 3000",
    "rating": 4.0,
    "reviews": 15,
    "website": "https://docsdermgroup.com/our-locations/dermatologists-of-southwest-ohio-inc/cincinnati-western-hills",
    "category": "Buddhist-owned Dermatologists in Ohio",
    "hours": "Mon-Fri 9AM-6PM",
    "description": "cincinnati ( western hills ) office 6909 good samaritan dr suite b cincinnati , oh 45247 phone : ( 513 ) 588 - 3000 fax : ( 513 ) 549 - 6912 billing : ( 866 ) 680 - 8505 office hours m...",
    "services": [
      "Buddhist-owned Dermatologists in Ohio consultation",
      "Professional service",
      "Quality guarantee"
    ],
    "social_links": {}
  },
  {
    "name": "Dermatologypartners",
    "address": "",
    "phone": "( 440 ) 937 - 4951",
    "rating": 4.2,
    "reviews": 20,
    "website": "https://dermatologypartners.com/locations",
    "category": "Buddhist-owned Dermatologists in Ohio",
    "hours": "Mon-Fri 9AM-6PM",
    "description": "our locations avon 36701 american way , # 3 avon , oh 44011 phone : ( 440 ) 937 - 4951 fax : ( 440 ) 937 - 4956 broadview heights 9075 town centre drive , # 100 broadview heights , o...",
    "services": [
      "Buddhist-owned Dermatologists in Ohio consultation",
      "Professional service",
      "Quality guarantee"
    ],
    "social_links": {}
  },
  {
    "name": "Ohio Skin Center - Rishi K. Gandhi, MD, FAAD",
    "address": "",
    "phone": "",
    "rating": 4.4,
    "reviews": 25,
    "website": "https://ohioskin.com/practice/",
    "category": "Buddhist-owned Dermatologists in Ohio",
    "hours": "Mon-Fri 9AM-6PM",
    "description": "our practice ohio skin center is the leading comprehensive dermatology practice serving the dayton , oh metro area . founded and led by dr.",
    "services": [
      "Buddhist-owned Dermatologists in Ohio consultation",
      "Professional service",
      "Quality guarantee"
    ],
    "social_links": {}
  },
  {
    "name": "Dermatology of Southeastern Ohio",
    "address": "",
    "phone": "",
    "rating": 4.6,
    "reviews": 30,
    "website": "https://www.dermatologyofsoutheasternohio.com/providers/",
    "category": "Buddhist-owned Dermatologists in Ohio",
    "hours": "Mon-Fri 9AM-6PM",
    "description": "meet the dermatology of southeastern ohio team dermatology of southeastern ohio is your home for healthy skin . meet our team of skilled dermatology providers who are ready to help you with any hai...",
    "services": [
      "Buddhist-owned Dermatologists in Ohio consultation",
      "Professional service",
      "Quality guarantee"
    ],
    "social_links": {}
  },
  {
    "name": "Downtown Dermatology LLC",
    "address": "",
    "phone": "( 614 ) 224 - 4566",
    "rating": 4.8,
    "reviews": 35,
    "website": "https://columbusdowntownderm.com/",
    "category": "Buddhist-owned Dermatologists in Ohio",
    "hours": "Mon-Fri 9AM-6PM",
    "description": "phone : ( 614 ) 224 - 4566 fax : ( 614 ) 224 - 6046 new patients everything you need to know about our practice before your first visit . skin care products see what products we suggest and ...",
    "services": [
      "Buddhist-owned Dermatologists in Ohio consultation",
      "Professional service",
      "Quality guarantee"
    ],
    "social_links": {}
  },
  {
    "name": "Mount Carmel Health System",
    "address": "1010 refugee rd \n ste 299 \n pickerington , oh 43147",
    "phone": "614 - 947 - 1716",
    "rating": 4.0,
    "reviews": 40,
    "website": "https://www.mountcarmelhealth.com/location/dermatologists-southwest-ohio",
    "category": "Buddhist-owned Dermatologists in Ohio",
    "hours": "Mon-Fri 9AM-6PM",
    "description": "dermatologists of southwest ohio phone & address 1010 refugee rd ste 299 pickerington , oh 43147 614 - 947 - 1716 614 - 947 - 1743.",
    "services": [
      "Buddhist-owned Dermatologists in Ohio consultation",
      "Professional service",
      "Quality guarantee"
    ],
    "social_links": {}
  },
  {
    "name": "Dermatologists of Southwest Ohio",
    "address": "",
    "phone": "",
    "rating": 4.2,
    "reviews": 45,
    "website": "https://dermswohio.com/locations/mason-office",
    "category": "Buddhist-owned Dermatologists in Ohio",
    "hours": "Mon-Fri 9AM-6PM",
    "description": "dermatologists of southwest ohio mason welcome to our mason office , where cutting - edge dermatological care meets groundbreaking research in mason , ohio . specializing in conducting clinical tr...",
    "services": [
      "Buddhist-owned Dermatologists in Ohio consultation",
      "Professional service",
      "Quality guarantee"
    ],
    "social_links": {}
  },
  {
    "name": "Mona Dermatology",
    "address": "7730 montgomery rd . \n cincinnati , oh 45236",
    "phone": "( 513 ) 984 - 4800",
    "rating": 4.4,
    "reviews": 50,
    "website": "https://www.monadermatology.com/contact-us/",
    "category": "Buddhist-owned Dermatologists in Ohio",
    "hours": "Mon-Fri 9AM-6PM",
    "description": "contact us address mona dermatology 7730 montgomery rd . cincinnati , oh 45236 phone + fax phone ( 513 ) 984 - 4800 fax ( 513 ) 984 - 5470 office hours monday \u2013 wednesday : 8:00 am \u2013...",
    "services": [
      "Buddhist-owned Dermatologists in Ohio consultation",
      "Professional service",
      "Quality guarantee"
    ],
    "social_links": {}
  },
  {
    "name": "Dermatologist of Greater Columbus",
    "address": "",
    "phone": "",
    "rating": 4.6,
    "reviews": 55,
    "website": "https://dermgc.com/locations/columbus",
    "category": "Buddhist-owned Dermatologists in Ohio",
    "hours": "Mon-Fri 9AM-6PM",
    "description": "dermatologists of greater columbus victorian village welcome to our new victorian village office , conveniently located in the victorian village neighborhood of columbus , with ample free parking ...",
    "services": [
      "Buddhist-owned Dermatologists in Ohio consultation",
      "Professional service",
      "Quality guarantee"
    ],
    "social_links": {}
  },
  {
    "name": "Docsdermgroup",
    "address": "",
    "phone": "( 937 ) 595 - 0100",
    "rating": 4.8,
    "reviews": 60,
    "website": "https://www.docsdermgroup.com/our-locations/dermatologists-of-greater-columbus/bellefontaine-office",
    "category": "Buddhist-owned Dermatologists in Ohio",
    "hours": "Mon-Fri 9AM-6PM",
    "description": "bellefontaine office 2200 timber trail bellefontaine , oh 43311 phone : ( 937 ) 595 - 0100 fax : ( 937 ) 709 - 4172 billing : ( 866 ) 680 - 8505 office hours mon : 8:00 - 4:00 tue : 10:0...",
    "services": [
      "Buddhist-owned Dermatologists in Ohio consultation",
      "Professional service",
      "Quality guarantee"
    ],
    "social_links": {}
  }
]