[
  {
    "name": "Cosmetic Dentistry Service Specialists In Bellows Falls, VT",
    "address": "",
    "phone": "",
    "rating": 4.0,
    "reviews": 15,
    "website": "https://www.greaterfallsdentists.com/cosmetic-dentistry/",
    "category": "Catholic-owned Cosmetic dentistry in Vermont",
    "hours": "Mon-Fri 9AM-6PM",
    "description": "your cosmetic dentistry specialists invisalign are you considering invisalign braces to improve your smile . if you need invisalign for your teeth , then we\u2019ve got you covered .",
    "services": [
      "Catholic-owned Cosmetic dentistry in Vermont consultation",
      "Professional service",
      "Quality guarantee"
    ],
    "social_links": {}
  },
  {
    "name": "David E Congalton DDS PLC",
    "address": "",
    "phone": "",
    "rating": 4.2,
    "reviews": 20,
    "website": "https://www.drcongalton.com/",
    "category": "Catholic-owned Cosmetic dentistry in Vermont",
    "hours": "Mon-Fri 9AM-6PM",
    "description": "congalton dds plc vergennes , vermont comprehensive and cosmetic family dental care 106 main st. vergennes , vt 05491 red building on the corner of north st.",
    "services": [
      "Catholic-owned Cosmetic dentistry in Vermont consultation",
      "Professional service",
      "Quality guarantee"
    ],
    "social_links": {}
  },
  {
    "name": "Contemporary Dental Arts",
    "address": "75 talcott road suite 60 williston , vt 05495",
    "phone": "802 - 332 - 3266",
    "rating": 4.4,
    "reviews": 25,
    "website": "https://contemporarydentalartsvt.com/",
    "category": "Catholic-owned Cosmetic dentistry in Vermont",
    "hours": "Mon-Fri 9AM-6PM",
    "description": "802 - 332 - 3266 contemporary dental arts 75 talcott road suite 60 williston , vt 05495 varied crafting confident smiles every day at contemporary dental arts , we combine exceptional expertise wi...",
    "services": [
      "Catholic-owned Cosmetic dentistry in Vermont consultation",
      "Professional service",
      "Quality guarantee"
    ],
    "social_links": {}
  },
  {
    "name": "White River Junction, VT Dentist",
    "address": "25 state street | montpelier , vt 05602",
    "phone": "802 - 229 - 4840",
    "rating": 4.6,
    "reviews": 30,
    "website": "https://www.drherbertdental.com/cosmetic",
    "category": "Catholic-owned Cosmetic dentistry in Vermont",
    "hours": "Mon-Fri 9AM-6PM",
    "description": "herbert dental p.c. 25 state street | montpelier , vt 05602 | phone : 802 - 229 - 4840 welcome our practice about us print patient registration our services bonding and white filling bri...",
    "services": [
      "Catholic-owned Cosmetic dentistry in Vermont consultation",
      "Professional service",
      "Quality guarantee"
    ],
    "social_links": {}
  },
  {
    "name": "Jonathan E. Mason, DMD, PC",
    "address": "74 longview drive \n p.o. box 317 \n manchester vt 05254",
    "phone": "( 802 ) 362 - 1099",
    "rating": 4.8,
    "reviews": 35,
    "website": "https://www.manchestervtdentist.com/",
    "category": "Catholic-owned Cosmetic dentistry in Vermont",
    "hours": "Mon-Fri 9AM-6PM",
    "description": "( 802 ) 362 - 1099 74 longview drive p.o. box 317 manchester vt 05254 dentist \u2013 manchester , vt manchester 's choice for exceptional dentists once visiting our office in your area , you ...",
    "services": [
      "Catholic-owned Cosmetic dentistry in Vermont consultation",
      "Professional service",
      "Quality guarantee"
    ],
    "social_links": {}
  },
  {
    "name": "Champlain Smile Solutions",
    "address": "110 kimball ave suite 230 , south burlington , vt 05403",
    "phone": "( 802 ) 899 - 9486",
    "rating": 4.0,
    "reviews": 40,
    "website": "https://www.champlainsmilesolutions.com/",
    "category": "Catholic-owned Cosmetic dentistry in Vermont",
    "hours": "Mon-Fri 9AM-6PM",
    "description": "call or text us today new patients : ( 802 ) 899 - 9486 existing patients : ( 802 ) 864 - 6264 text us : ( 802 ) 764 - 8606 110 kimball ave suite 230 , south burlington , vt 05403 call us to...",
    "services": [
      "Catholic-owned Cosmetic dentistry in Vermont consultation",
      "Professional service",
      "Quality guarantee"
    ],
    "social_links": {}
  },
  {
    "name": "Stjdental",
    "address": "1 place notre dame \n st johnsbury , vt 05819",
    "phone": "802 - 748 - 9357",
    "rating": 4.2,
    "reviews": 45,
    "website": "https://stjdental.com/contact/",
    "category": "Catholic-owned Cosmetic dentistry in Vermont",
    "hours": "Mon-Fri 9AM-6PM",
    "description": "contact call us 802 - 748 - 9357 appointments visit us 1 place notre dame st johnsbury , vt 05819.",
    "services": [
      "Catholic-owned Cosmetic dentistry in Vermont consultation",
      "Professional service",
      "Quality guarantee"
    ],
    "social_links": {}
  },
  {
    "name": "Cosmetic Dentist Burlington",
    "address": "8 milford street , \n burlington , ct 06013",
    "phone": "( 860 ) 673 - 7155",
    "rating": 4.4,
    "reviews": 50,
    "website": "https://theburlingtondentist.com/",
    "category": "Catholic-owned Cosmetic dentistry in Vermont",
    "hours": "Mon-Fri 9AM-6PM",
    "description": "8 milford street , burlington , ct 06013 existing patients : ( 860 ) 673 - 7155 new patients : ( 860 ) 245 - 6280 serving all your family \u2019s dental needs when it comes to keeping your family \u2019...",
    "services": [
      "Catholic-owned Cosmetic dentistry in Vermont consultation",
      "Professional service",
      "Quality guarantee"
    ],
    "social_links": {}
  },
  {
    "name": "Colchester Dental Group",
    "address": "",
    "phone": "802 - 655 - 5308",
    "rating": 4.6,
    "reviews": 55,
    "website": "https://www.colchesterdental.com",
    "category": "Catholic-owned Cosmetic dentistry in Vermont",
    "hours": "Mon-Fri 9AM-6PM",
    "description": "106 high point center ste 100 , colchester , vt 05446 802 - 655 - 5308 welcome to colchester dental group over 15 years of combined experience same - day emergency appointment * this is for ...",
    "services": [
      "Catholic-owned Cosmetic dentistry in Vermont consultation",
      "Professional service",
      "Quality guarantee"
    ],
    "social_links": {}
  },
  {
    "name": "Comprehensive And Cosmetic Family Dental Care Vergennes, VT",
    "address": "106 main st vergennes , vt 05491",
    "phone": "",
    "rating": 4.8,
    "reviews": 60,
    "website": "https://doctor.webmd.com/practice/comprehensive-and-cosmetic-family-dental-care-dcf86176-a534-45f3-aaa0-a47675c0c11a",
    "category": "Catholic-owned Cosmetic dentistry in Vermont",
    "hours": "Mon-Fri 9AM-6PM",
    "description": "comprehensive and cosmetic family dental care 1 specialty 1 practicing physician vergennes , vt comprehensive and cosmetic family dental care 106 main st vergennes , vt 05491 ( 802 ) 877 - 3...",
    "services": [
      "Catholic-owned Cosmetic dentistry in Vermont consultation",
      "Professional service",
      "Quality guarantee"
    ],
    "social_links": {}
  }
]