[
  {
    "name": "Jungermann Rd, St Peters, MO",
    "address": "",
    "phone": "",
    "rating": 4.0,
    "reviews": 15,
    "website": "https://www.premiumadultdaycenter.com/",
    "category": "Alaska-Native-owned Adult day programs in Missouri",
    "hours": "Mon-Fri 9AM-6PM",
    "description": "premium adult day center our services we provide services for adults who are : - seeking fun activities and socialization outside their home employment opportunities are you looking to work ...",
    "services": [
      "Alaska-Native-owned Adult day programs in Missouri consultation",
      "Professional service",
      "Quality guarantee"
    ],
    "social_links": {}
  },
  {
    "name": "Columbia, MO",
    "address": "",
    "phone": "( 800 ) 558 - 0653",
    "rating": 4.2,
    "reviews": 20,
    "website": "https://www.caring.com/senior-living/missouri/columbia/mu-adult-day-connection",
    "category": "Alaska-Native-owned Adult day programs in Missouri",
    "hours": "Mon-Fri 9AM-6PM",
    "description": "mu - adult day connection 5 137 clark hall , columbia , mo 65203 ( 800 ) 558 - 0653 ( call a family advisor ) offers adult day care photos of mu - adult day connection reviews of mu - adul...",
    "services": [
      "Alaska-Native-owned Adult day programs in Missouri consultation",
      "Professional service",
      "Quality guarantee"
    ],
    "social_links": {}
  },
  {
    "name": "Adult Education Services Missouri",
    "address": "",
    "phone": "( 660 ) 674 - 2220",
    "rating": 4.4,
    "reviews": 25,
    "website": "https://www.knowledgeland.org/adult-education/missouri_adult_education/",
    "category": "Alaska-Native-owned Adult day programs in Missouri",
    "hours": "Mon-Fri 9AM-6PM",
    "description": "adult education services in missouri alma , mo santa fee agri leaders address : po box 197 , alma , mo 64001 phone : ( 660 ) 674 - 2220 ballwin , mo executrain address : 301 sovereign ct...",
    "services": [
      "Alaska-Native-owned Adult day programs in Missouri consultation",
      "Professional service",
      "Quality guarantee"
    ],
    "social_links": {}
  },
  {
    "name": "Freedom Day Center",
    "address": "",
    "phone": "( 314 ) 957 - 5900",
    "rating": 4.6,
    "reviews": 30,
    "website": "https://www.freedomdaycenterstl.com/",
    "category": "Alaska-Native-owned Adult day programs in Missouri",
    "hours": "Mon-Fri 9AM-6PM",
    "description": "freedom day center adult day care services celebrating 10212 halls ferry rd . louis , missouri 63136 ( 314 ) 957 - 5900 refuge for st.",
    "services": [
      "Alaska-Native-owned Adult day programs in Missouri consultation",
      "Professional service",
      "Quality guarantee"
    ],
    "social_links": {}
  },
  {
    "name": "Adult Day Services Missouri",
    "address": "",
    "phone": "314 - 616 - 6452",
    "rating": 4.8,
    "reviews": 35,
    "website": "https://www.fullpot.net/",
    "category": "Alaska-Native-owned Adult day programs in Missouri",
    "hours": "Mon-Fri 9AM-6PM",
    "description": "for more information , call us : 314 - 616 - 6452 where everyone can reach their full potential let your loved one become a part of a community where individual development and growth are a prio...",
    "services": [
      "Alaska-Native-owned Adult day programs in Missouri consultation",
      "Professional service",
      "Quality guarantee"
    ],
    "social_links": {}
  },
  {
    "name": "Kansas City",
    "address": "1613 swift street \n north kansas city , mo 64116",
    "phone": "816 - 844 - 3955",
    "rating": 4.0,
    "reviews": 40,
    "website": "https://www.northlandadc.com/",
    "category": "Alaska-Native-owned Adult day programs in Missouri",
    "hours": "Mon-Fri 9AM-6PM",
    "description": "816 - 844 - 3955 northland adult day center 1613 swift street north kansas city , mo 64116 thank you for visiting northland adult day center conveniently located in downtown north kansas cit...",
    "services": [
      "Alaska-Native-owned Adult day programs in Missouri consultation",
      "Professional service",
      "Quality guarantee"
    ],
    "social_links": {}
  },
  {
    "name": "Adult Day Care Centers Near me",
    "address": "",
    "phone": "( 573 ) 639 - 9072",
    "rating": 4.2,
    "reviews": 45,
    "website": "https://myadultdaycare.com/details/BLISS-ADULT-DAY-CARE-LLC",
    "category": "Alaska-Native-owned Adult day programs in Missouri",
    "hours": "Mon-Fri 9AM-6PM",
    "description": "bliss adult day care , llc bliss adult day care , llc 203 n providence , suite 201 columbia missouri 65203 ( 573 ) 639 - 9072 languages spoken english services provided adult day care ...",
    "services": [
      "Alaska-Native-owned Adult day programs in Missouri consultation",
      "Professional service",
      "Quality guarantee"
    ],
    "social_links": {}
  },
  {
    "name": "Adult Daycare Providers Alaska",
    "address": "",
    "phone": "",
    "rating": 4.4,
    "reviews": 50,
    "website": "https://daycarein.com/alaska_adult_day_care.html",
    "category": "Alaska-Native-owned Adult day programs in Missouri",
    "hours": "Mon-Fri 9AM-6PM",
    "description": "find adult day care in alaska there are about 18 adult day care providers in alaska . latest updates in alaska adult day care database : senior citizens of kodiak inc.",
    "services": [
      "Alaska-Native-owned Adult day programs in Missouri consultation",
      "Professional service",
      "Quality guarantee"
    ],
    "social_links": {}
  },
  {
    "name": "Clay County Senior Services",
    "address": "",
    "phone": "",
    "rating": 4.6,
    "reviews": 55,
    "website": "https://www.claycoseniors.org/adult-day-care",
    "category": "Alaska-Native-owned Adult day programs in Missouri",
    "hours": "Mon-Fri 9AM-6PM",
    "description": "adult day health care northland shepherd 's center offers \" break time club \" on tuesdays and thursdays . break time club is designed to provide a safe , enriching and enjoyable environment for ol...",
    "services": [
      "Alaska-Native-owned Adult day programs in Missouri consultation",
      "Professional service",
      "Quality guarantee"
    ],
    "social_links": {}
  },
  {
    "name": "Missouri Department of Elementary and Secondary Education",
    "address": "",
    "phone": "",
    "rating": 4.8,
    "reviews": 60,
    "website": "https://dese.mo.gov/college-career-readiness/adult-learning-rehabilitation-services/adult-education-literacy/missouri-ael-programs",
    "category": "Alaska-Native-owned Adult day programs in Missouri",
    "hours": "Mon-Fri 9AM-6PM",
    "description": "missouri adult education & literacy programs missouri adult education programs city adult education director / location / address class sites cape girardeau public schools county - distric...",
    "services": [
      "Alaska-Native-owned Adult day programs in Missouri consultation",
      "Professional service",
      "Quality guarantee"
    ],
    "social_links": {}
  }
]