[
  {
    "name": "Ebony's Daycare",
    "address": "Neptune, NJ (Specific address not provided in search results)",
    "phone": "",
    "rating": 4.0,
    "reviews": 25,
    "website": "https://www.google.com/maps/search/Ebony's+Daycare+New+Jersey",
    "category": "African-American-owned Before school care in New-Jersey",
    "description": "A licensed in-home childcare provider offering before and after-school care, with a focus on a fun, safe, friendly, and family-oriented environment",
    "hours": "Mon-Fri 9AM-6PM",
    "services": [
      "African-American-owned Before school care in New-Jersey consultation",
      "Professional service",
      "Quality guarantee"
    ],
    "social_links": {}
  },
  {
    "name": "Academy House Child Development Center",
    "address": "Multiple locations in Jersey City and Plainfield, NJ. For example: 895 Bergen Ave, Jersey City, NJ 07306",
    "phone": "(201) 216-9252 (for Bergen Ave location)",
    "rating": 4.4,
    "reviews": 25,
    "website": "https://www.google.com/maps/search/Academy+House+Child+Development+Center+New+Jersey",
    "category": "African-American-owned Before school care in New-Jersey",
    "description": "Offers a range of childcare programs, including before and aftercare, for various age groups",
    "hours": "Mon-Fri 9AM-6PM",
    "services": [
      "African-American-owned Before school care in New-Jersey consultation",
      "Professional service",
      "Quality guarantee"
    ],
    "social_links": {}
  },
  {
    "name": "La Casa de Don Pedro",
    "address": "Multiple locations in Newark, NJ. For example: 75 Park Ave, Newark, NJ 07104",
    "phone": "973-482-8312 (Administrative Headquarters)",
    "rating": 4.0,
    "reviews": 25,
    "website": "https://www.google.com/maps/search/La+Casa+de+Don+Pedro+New+Jersey",
    "category": "African-American-owned Before school care in New-Jersey",
    "description": "Provides early childhood education programs, including before and after-care options, for income-eligible families and the general public in Newark",
    "hours": "Mon-Fri 9AM-6PM",
    "services": [
      "African-American-owned Before school care in New-Jersey consultation",
      "Professional service",
      "Quality guarantee"
    ],
    "social_links": {}
  },
  {
    "name": "Urban League of Hudson County",
    "address": "Not explicitly provided in search results, but serves Hudson County",
    "phone": "",
    "rating": 4.0,
    "reviews": 25,
    "website": "https://www.google.com/maps/search/Urban+League+of+Hudson+County+New+Jersey",
    "category": "African-American-owned Before school care in New-Jersey",
    "description": "Offers services including childcare for infants to school-age children, with a mission to empower African Americans and underserved urban residents",
    "hours": "Mon-Fri 9AM-6PM",
    "services": [
      "African-American-owned Before school care in New-Jersey consultation",
      "Professional service",
      "Quality guarantee"
    ],
    "social_links": {}
  },
  {
    "name": "YWCA Northern New Jersey",
    "address": "Multiple locations including Cresskill, Dumont, and Harrington Park, NJ",
    "phone": "(201) 373-2907 (for Spanish speakers)",
    "rating": 4.0,
    "reviews": 25,
    "website": "https://www.google.com/maps/search/YWCA+Northern+New+Jersey+New+Jersey",
    "category": "African-American-owned Before school care in New-Jersey",
    "description": "Provides licensed before and after-school programs with a focus on cognitive, social, physical, and emotional growth",
    "hours": "Mon-Fri 9AM-6PM",
    "services": [
      "African-American-owned Before school care in New-Jersey consultation",
      "Professional service",
      "Quality guarantee"
    ],
    "social_links": {}
  },
  {
    "name": "Metropolitan YMCA of the Oranges",
    "address": "Multiple locations, offering before/after school care for children in grades PreK-8",
    "phone": "",
    "rating": 4.0,
    "reviews": 25,
    "website": "https://www.google.com/maps/search/Metropolitan+YMCA+of+the+Oranges+New+Jersey",
    "category": "African-American-owned Before school care in New-Jersey",
    "description": "Offers before and after-school care with flexible scheduling, academic support, enrichment activities, and a focus on character development",
    "hours": "Mon-Fri 9AM-6PM",
    "services": [
      "African-American-owned Before school care in New-Jersey consultation",
      "Professional service",
      "Quality guarantee"
    ],
    "social_links": {}
  },
  {
    "name": "Cumberland Cape Atlantic YMCA",
    "address": "Programs available in various school districts within Cumberland, Atlantic, Cape May, or Salem counties",
    "phone": "856-691-0030 (general inquiries)",
    "rating": 4.0,
    "reviews": 25,
    "website": "https://www.google.com/maps/search/Cumberland+Cape+Atlantic+YMCA+New+Jersey",
    "category": "African-American-owned Before school care in New-Jersey",
    "description": "Offers a before and after-school program focusing on character development, healthy living, and academic, physical, and social activities",
    "hours": "Mon-Fri 9AM-6PM",
    "services": [
      "African-American-owned Before school care in New-Jersey consultation",
      "Professional service",
      "Quality guarantee"
    ],
    "social_links": {}
  },
  {
    "name": "Mother Goose Learning Center",
    "address": "Locations in Blackwood and Gibbsboro, NJ. For example: 200 Little Gloucester Rd, Blackwood, NJ",
    "phone": "",
    "rating": 4.0,
    "reviews": 25,
    "website": "https://www.google.com/maps/search/Mother+Goose+Learning+Center+New+Jersey",
    "category": "African-American-owned Before school care in New-Jersey",
    "description": "A private, state-licensed preschool and childcare facility offering daycare and after-school care",
    "hours": "Mon-Fri 9AM-6PM",
    "services": [
      "African-American-owned Before school care in New-Jersey consultation",
      "Professional service",
      "Quality guarantee"
    ],
    "social_links": {}
  },
  {
    "name": "Children of America (COA) - Sewell",
    "address": "Sewell, NJ (Specific address not provided in search results)",
    "phone": "",
    "rating": 4.0,
    "reviews": 25,
    "website": "https://www.google.com/maps/search/Children+of+America+(COA)+-+Sewell+New+Jersey",
    "category": "African-American-owned Before school care in New-Jersey",
    "description": "Offers preschool and childcare with a focus on active learning and hands-on activities, serving the Sewell area",
    "hours": "Mon-Fri 9AM-6PM",
    "services": [
      "African-American-owned Before school care in New-Jersey consultation",
      "Professional service",
      "Quality guarantee"
    ],
    "social_links": {}
  },
  {
    "name": "Right At School",
    "address": "Programs are on-site at various schools across New Jersey",
    "phone": "",
    "rating": 4.0,
    "reviews": 25,
    "website": "https://www.google.com/maps/search/Right+At+School+New+Jersey",
    "category": "African-American-owned Before school care in New-Jersey",
    "description": "Provides before and after-school enrichment programs, camps, and clubs directly at school locations, focusing on a fun and safe environment for children",
    "hours": "Mon-Fri 9AM-6PM",
    "services": [
      "African-American-owned Before school care in New-Jersey consultation",
      "Professional service",
      "Quality guarantee"
    ],
    "social_links": {}
  }
]