[
  {
    "name": "Yellowpages",
    "address": "",
    "phone": "",
    "rating": 4.0,
    "reviews": 15,
    "website": "https://www.yellowpages.com/northwest-columbus-columbus-oh/copy-machines-service-repair",
    "category": "Agnostic-owned On-site copier repair in Ohio",
    "hours": "Mon-Fri 9AM-6PM",
    "description": "copy machines service repair columbus , oh copy machines service repair in columbus , oh 1. business equipment company copy machines service & repair computer & equipment dealers office furnit...",
    "services": [
      "Agnostic-owned On-site copier repair in Ohio consultation",
      "Professional service",
      "Quality guarantee"
    ],
    "social_links": {}
  },
  {
    "name": "Copier Repair Columbus Columbus, OHIO, 920 Berkeley Rd",
    "address": "",
    "phone": "614 - 210 - 0800",
    "rating": 4.2,
    "reviews": 20,
    "website": "https://copier-repair-columbus.2fl.co/",
    "category": "Agnostic-owned On-site copier repair in Ohio",
    "hours": "Mon-Fri 9AM-6PM",
    "description": "copier repair columbus printing services in columbus , ohio printing services \u2022 appliances & repair contact us 614 - 210 - 0800 location 920 berkeley rd , columbus , ohio 43206 united st...",
    "services": [
      "Agnostic-owned On-site copier repair in Ohio consultation",
      "Professional service",
      "Quality guarantee"
    ],
    "social_links": {}
  },
  {
    "name": "superpages.com",
    "address": "",
    "phone": "614 - 224 - 2679",
    "rating": 4.4,
    "reviews": 25,
    "website": "https://www.superpages.com/columbus-oh/copier-repair",
    "category": "Agnostic-owned On-site copier repair in Ohio",
    "hours": "Mon-Fri 9AM-6PM",
    "description": "copy machine repair in columbus , oh 1. abs business products copy machines service & repair copy machines & supplies 2268 westbrooke dr , columbus , oh , 43228 614 - 224 - 2679 2.",
    "services": [
      "Agnostic-owned On-site copier repair in Ohio consultation",
      "Professional service",
      "Quality guarantee"
    ],
    "social_links": {}
  },
  {
    "name": "QR1 Solutions",
    "address": "",
    "phone": "740 - 974 - 0989",
    "rating": 4.6,
    "reviews": 30,
    "website": "https://qr1solutions.com/",
    "category": "Agnostic-owned On-site copier repair in Ohio",
    "hours": "Mon-Fri 9AM-6PM",
    "description": "qr1 solutions 740 - 974 - 0989 copier repair , printer repair over 35 years of trusted experience qr1 solutions expert copier service & pinter repair , every time . trouble with your copier , pr...",
    "services": [
      "Agnostic-owned On-site copier repair in Ohio consultation",
      "Professional service",
      "Quality guarantee"
    ],
    "social_links": {}
  },
  {
    "name": "Copy Machines Service Repair Oh 3",
    "address": "",
    "phone": "( 614 ) 305 - 4085",
    "rating": 4.8,
    "reviews": 35,
    "website": "https://copy-machines-service-repair-oh-3.hub.biz/",
    "category": "Agnostic-owned On-site copier repair in Ohio",
    "hours": "Mon-Fri 9AM-6PM",
    "description": "copy machines service & repair copiers service & repair in urbancrest , oh 3131 broadway urbancrest , oh ( 614 ) 305 - 4085 about copy machines service & repair : copy machines service & r...",
    "services": [
      "Agnostic-owned On-site copier repair in Ohio consultation",
      "Professional service",
      "Quality guarantee"
    ],
    "social_links": {}
  },
  {
    "name": "Yellowpages",
    "address": "",
    "phone": "( 216 ) 592 - 9999",
    "rating": 4.0,
    "reviews": 40,
    "website": "https://www.yellowpages.com/cleveland-oh/copy-machines-service-repair",
    "category": "Agnostic-owned On-site copier repair in Ohio",
    "hours": "Mon-Fri 9AM-6PM",
    "description": "copy machines service repair in cleveland , oh 1. profile imaging copy machines service & repair ( 216 ) 592 - 9999 1360 e 9th st cleveland , oh 44114 2.",
    "services": [
      "Agnostic-owned On-site copier repair in Ohio consultation",
      "Professional service",
      "Quality guarantee"
    ],
    "social_links": {}
  },
  {
    "name": "Yellowpages",
    "address": "",
    "phone": "( 937 ) 525 - 1600",
    "rating": 4.2,
    "reviews": 45,
    "website": "https://www.yellowpages.com/springfield-oh/copy-machines-service-repair",
    "category": "Agnostic-owned On-site copier repair in Ohio",
    "hours": "Mon-Fri 9AM-6PM",
    "description": "copy machines service repair in springfield , oh 1. business equipment co copy machines service & repair copy machines & supplies office furniture & equipment ( 937 ) 525 - 1600 100 w north st...",
    "services": [
      "Agnostic-owned On-site copier repair in Ohio consultation",
      "Professional service",
      "Quality guarantee"
    ],
    "social_links": {}
  },
  {
    "name": "Copy Machines Service Repair Oh 8",
    "address": "",
    "phone": "( 513 ) 898 - 2127",
    "rating": 4.4,
    "reviews": 50,
    "website": "https://copy-machines-service-repair-oh-8.hub.biz/",
    "category": "Agnostic-owned On-site copier repair in Ohio",
    "hours": "Mon-Fri 9AM-6PM",
    "description": "copy machines service & repair copiers service & repair in cincinnati , oh 2880 central pkwy camp washington - cincinnati , oh ( 513 ) 898 - 2127 about copy machines service & repair : cop...",
    "services": [
      "Agnostic-owned On-site copier repair in Ohio consultation",
      "Professional service",
      "Quality guarantee"
    ],
    "social_links": {}
  },
  {
    "name": "Best 30 Copier Repair Canton, OH with Reviews",
    "address": "",
    "phone": "",
    "rating": 4.6,
    "reviews": 55,
    "website": "https://www.yellowpages.com/canton-oh/copier-repair",
    "category": "Agnostic-owned On-site copier repair in Ohio",
    "hours": "Mon-Fri 9AM-6PM",
    "description": "copier repair in canton , oh 1. la office solutions , inc.",
    "services": [
      "Agnostic-owned On-site copier repair in Ohio consultation",
      "Professional service",
      "Quality guarantee"
    ],
    "social_links": {}
  },
  {
    "name": "World of Fax & Copiers",
    "address": "",
    "phone": "800 - 634 - 9329",
    "rating": 4.8,
    "reviews": 60,
    "website": "https://worldoffaxcopierparts.com/service/copier-and-printer-repair-in-cincinnati-oh-45298-3/",
    "category": "Agnostic-owned On-site copier repair in Ohio",
    "hours": "Mon-Fri 9AM-6PM",
    "description": "copier and printer repair in cincinnati , oh 45298 cincinnati , oh fax , copier and printer repair at world of fax and copiers . call 800 - 634 - 9329 to order today .",
    "services": [
      "Agnostic-owned On-site copier repair in Ohio consultation",
      "Professional service",
      "Quality guarantee"
    ],
    "social_links": {}
  }
]