[
  {
    "name": "Home",
    "address": "",
    "phone": "",
    "rating": 4.0,
    "reviews": 15,
    "website": "https://www.permanentcosmeticsofoceancounty.com/",
    "category": "Catholic-owned Permanent makeup in New-Jersey",
    "hours": "Mon-Fri 9AM-6PM",
    "description": "permanent cosmetics of ocean county p ermanent cosmetics of ocean county , llc . clinical and cosmetic tattooing 1922 hooper avenue suite 2-d ( inside spa virtue ) toms river , new jersey ...",
    "services": [
      "Catholic-owned Permanent makeup in New-Jersey consultation",
      "Professional service",
      "Quality guarantee"
    ],
    "social_links": {}
  },
  {
    "name": "MICHE PERMANENT COSMETICS",
    "address": "27 madison avenue \n suite 200 \n paramus , nj 07652",
    "phone": "201 - 368 - 0098",
    "rating": 4.2,
    "reviews": 20,
    "website": "https://www.miche-permanent-cosmetics.com/LOCATIONS,%20DIRECTIONS,%20CONTACT.htm",
    "category": "Catholic-owned Permanent makeup in New-Jersey",
    "hours": "Mon-Fri 9AM-6PM",
    "description": "miche permanent cosmetics locations new jersey : 27 madison avenue suite 200 paramus , nj 07652 201 - 368 - 0098 located at the intersection of route 4 and route 17 hours : by appointm...",
    "services": [
      "Catholic-owned Permanent makeup in New-Jersey consultation",
      "Professional service",
      "Quality guarantee"
    ],
    "social_links": {}
  },
  {
    "name": "Permanentcosmetics",
    "address": "302 hawthorne ave pt . pleasant beach , nj 08452",
    "phone": "732 - 295 - 6601",
    "rating": 4.4,
    "reviews": 25,
    "website": "https://www.permanentcosmetics.com/",
    "category": "Catholic-owned Permanent makeup in New-Jersey",
    "hours": "Mon-Fri 9AM-6PM",
    "description": "barron 's clinic of permanent cosmetics 302 hawthorne ave pt . pleasant beach , nj 08452 office : 732 - 295 - 6601 cell : 908 - 278 - 0022 call for a free consultation permanent cosmetics and ...",
    "services": [
      "Catholic-owned Permanent makeup in New-Jersey consultation",
      "Professional service",
      "Quality guarantee"
    ],
    "social_links": {}
  },
  {
    "name": "Permanent Makeup Society",
    "address": "",
    "phone": "973 . 940 . 8886",
    "rating": 4.6,
    "reviews": 30,
    "website": "https://www.permanentmakeupsociety.com/new-jersey.html",
    "category": "Catholic-owned Permanent makeup in New-Jersey",
    "hours": "Mon-Fri 9AM-6PM",
    "description": "permanent makeup society new jersey kathleen czer honi ak 973 . 8886 transitions permanent makeup center newton , nj technician ( amm board certified ) e - mail : permanent panache...",
    "services": [
      "Catholic-owned Permanent makeup in New-Jersey consultation",
      "Professional service",
      "Quality guarantee"
    ],
    "social_links": {}
  },
  {
    "name": "Permanent makeup & microblading bergen county NJ",
    "address": "",
    "phone": "201 - 475 - 2228",
    "rating": 4.8,
    "reviews": 35,
    "website": "https://www.permanent-makeup-nj.com/",
    "category": "Catholic-owned Permanent makeup in New-Jersey",
    "hours": "Mon-Fri 9AM-6PM",
    "description": "201 - 475 - 2228 fair lawn my permanent makeup opening hours mon \u2010 fri 10:00 am \u2010 7:00pm saturday 9:00 am \u2010 4:00 pm free consultations consultations are free and by appointment only .",
    "services": [
      "Catholic-owned Permanent makeup in New-Jersey consultation",
      "Professional service",
      "Quality guarantee"
    ],
    "social_links": {}
  },
  {
    "name": "Tranquility Salon and Spa",
    "address": "",
    "phone": "",
    "rating": 4.0,
    "reviews": 40,
    "website": "https://tranquilitysalon.com/permanent-makeup-by-tranquility/",
    "category": "Catholic-owned Permanent makeup in New-Jersey",
    "hours": "Mon-Fri 9AM-6PM",
    "description": "permanent makeup by tranquility come and experience the same relaxing and welcoming environment you always get with tranquility at our newest sister company , permanent makeup by tranquility .",
    "services": [
      "Catholic-owned Permanent makeup in New-Jersey consultation",
      "Professional service",
      "Quality guarantee"
    ],
    "social_links": {}
  },
  {
    "name": "Permanentmakeupnewjersey",
    "address": "",
    "phone": "",
    "rating": 4.2,
    "reviews": 45,
    "website": "https://www.permanentmakeupnewjersey.com/",
    "category": "Catholic-owned Permanent makeup in New-Jersey",
    "hours": "Mon-Fri 9AM-6PM",
    "description": "nj 's leading permanent make-up teaching institution your go - to clinic and training center by new jersey state board certified instructors clean i quality i results train from the experts ...",
    "services": [
      "Catholic-owned Permanent makeup in New-Jersey consultation",
      "Professional service",
      "Quality guarantee"
    ],
    "social_links": {}
  },
  {
    "name": "Permabella Permanent Makeup",
    "address": "",
    "phone": "",
    "rating": 4.4,
    "reviews": 50,
    "website": "https://permabellamakeup.com/",
    "category": "Catholic-owned Permanent makeup in New-Jersey",
    "hours": "Mon-Fri 9AM-6PM",
    "description": "perma bella permanent makeup perma bella permanent makeup perma bella permanent makeup perma bella permanent makeup perma bella permanent makeup perma bella permanent makeup perma bella perm...",
    "services": [
      "Catholic-owned Permanent makeup in New-Jersey consultation",
      "Professional service",
      "Quality guarantee"
    ],
    "social_links": {}
  },
  {
    "name": "Permanent Makeup Center Inc.",
    "address": "",
    "phone": "( 516 ) 351 - 4617",
    "rating": 4.6,
    "reviews": 55,
    "website": "https://permanentmakeupcenterinc.com",
    "category": "Catholic-owned Permanent makeup in New-Jersey",
    "hours": "Mon-Fri 9AM-6PM",
    "description": "permanent makeup center inc. leslie iannetta , permanent makeup artist , long isand ny call us .",
    "services": [
      "Catholic-owned Permanent makeup in New-Jersey consultation",
      "Professional service",
      "Quality guarantee"
    ],
    "social_links": {}
  },
  {
    "name": "Permanent Cosmetics",
    "address": "",
    "phone": "848 - 218 - 2494",
    "rating": 4.8,
    "reviews": 60,
    "website": "https://www.timelessbeautyusa.com/",
    "category": "Catholic-owned Permanent makeup in New-Jersey",
    "hours": "Mon-Fri 9AM-6PM",
    "description": "call us : 848 - 218 - 2494 2414 highway 35 , 2nd floor , manasquan , new jersey 08736 timeless beauty massage therapy & luxury spa \u2022 manasquan , nj timeless beauty permanent cosmetics , llc ...",
    "services": [
      "Catholic-owned Permanent makeup in New-Jersey consultation",
      "Professional service",
      "Quality guarantee"
    ],
    "social_links": {}
  }
]