[
  {
    "name": "Fort Worth, Keller, Alliance",
    "address": "4949 golden triangle blvd , ste 611 , fort worth , tx 76244",
    "phone": "( 817 ) 898 - 2188",
    "rating": 4.0,
    "reviews": 15,
    "website": "https://keydermatology.net/",
    "category": "Asian-owned Dermatologists in Texas",
    "hours": "Mon-Fri 9AM-6PM",
    "description": "( 817 ) 898 - 2188 we have moved to : 4949 golden triangle blvd , ste 611 , fort worth , tx 76244 please give us a 24-hour notice if you need to resc he dule or cancel your appointment otherwise...",
    "services": [
      "Asian-owned Dermatologists in Texas consultation",
      "Professional service",
      "Quality guarantee"
    ],
    "social_links": {}
  },
  {
    "name": "UT Physicians",
    "address": "",
    "phone": "",
    "rating": 4.2,
    "reviews": 20,
    "website": "https://www.utphysicians.com/provider/sirunya-silapunt/",
    "category": "Asian-owned Dermatologists in Texas",
    "hours": "Mon-Fri 9AM-6PM",
    "description": "siru nya sila punt , md siru nya sila punt , md dermatology adult & pediatric patients seen accepting new patients sees patients at ut physicians dermatology \u2013 bellaire station ( 713 ) 5...",
    "services": [
      "Asian-owned Dermatologists in Texas consultation",
      "Professional service",
      "Quality guarantee"
    ],
    "social_links": {}
  },
  {
    "name": "Alpesh D. Desai, D.O., P.A. dba Heights Dermatology",
    "address": "",
    "phone": "",
    "rating": 4.4,
    "reviews": 25,
    "website": "https://texasderm.com",
    "category": "Asian-owned Dermatologists in Texas",
    "hours": "Mon-Fri 9AM-6PM",
    "description": "dba heights dermatology we care for your skin about heights dermatology heights dermatology provides high - quality care for patients of all ages at their office...",
    "services": [
      "Asian-owned Dermatologists in Texas consultation",
      "Professional service",
      "Quality guarantee"
    ],
    "social_links": {}
  },
  {
    "name": "Dermatologist, Skin Doctor, Dermatology",
    "address": "",
    "phone": "( 650 ) 969 - 5488",
    "rating": 4.6,
    "reviews": 30,
    "website": "https://www.khuudermatology.com/",
    "category": "Asian-owned Dermatologists in Texas",
    "hours": "Mon-Fri 9AM-6PM",
    "description": "appointment request ( 650 ) 969 - 5488 mountain view office ( 408 ) 729 - 5488 san jose office duke t. khuu , md , faad medical and pediatric dermatology alan tong , fnp - c lip filler bef...",
    "services": [
      "Asian-owned Dermatologists in Texas consultation",
      "Professional service",
      "Quality guarantee"
    ],
    "social_links": {}
  },
  {
    "name": "Golden Triangle Boulevard ste 611, Fort Worth, TX, USA",
    "address": "",
    "phone": "( 817 ) 898 - 2188",
    "rating": 4.8,
    "reviews": 35,
    "website": "https://www.keydermatology.com/",
    "category": "Asian-owned Dermatologists in Texas",
    "hours": "Mon-Fri 9AM-6PM",
    "description": "( 817 ) 898 - 2188 accepting new patients please give us a 24-hour notice if you need to reschedule or cancel your appointment otherwise , a $ 50 fee will be assessed . providing medical , surgi...",
    "services": [
      "Asian-owned Dermatologists in Texas consultation",
      "Professional service",
      "Quality guarantee"
    ],
    "social_links": {}
  },
  {
    "name": "SBA Dermatology",
    "address": "",
    "phone": "",
    "rating": 4.0,
    "reviews": 40,
    "website": "https://www.sba-skincare.com/about/our-dermatology-office-in-houston-texas/",
    "category": "Asian-owned Dermatologists in Texas",
    "hours": "Mon-Fri 9AM-6PM",
    "description": "dermatology & plastic surgery in houston , texas sba dermatology & plastic surgery medical & cosmetic dermatology , plastic surgery , spa services 1900 saint james place , suite 600 & 650 hous...",
    "services": [
      "Asian-owned Dermatologists in Texas consultation",
      "Professional service",
      "Quality guarantee"
    ],
    "social_links": {}
  },
  {
    "name": "Epiphany Dermatology",
    "address": "",
    "phone": "( 817 ) 684 - 5100",
    "rating": 4.2,
    "reviews": 45,
    "website": "https://www.epiphanydermatology.com/state/texas/",
    "category": "Asian-owned Dermatologists in Texas",
    "hours": "Mon-Fri 9AM-6PM",
    "description": "search texas locations results bedford , tx 1615 hospital pkwy . # 306 bedford , tx 76022 phone : ( 817 ) 684 - 5100 ( 817 ) 684 - 5100 fax : ( 817 ) 684 - 5101 brownwood , t...",
    "services": [
      "Asian-owned Dermatologists in Texas consultation",
      "Professional service",
      "Quality guarantee"
    ],
    "social_links": {}
  },
  {
    "name": "Dermatology",
    "address": "",
    "phone": "",
    "rating": 4.4,
    "reviews": 50,
    "website": "https://www.vitals.com/doctors/Dr_Rajesh_Yalamanchili.html",
    "category": "Asian-owned Dermatologists in Texas",
    "hours": "Mon-Fri 9AM-6PM",
    "description": "rajesh yalamanchili , md dermatology , dermatopathology , pathology houston , tx 77092 ( 2 other locations ) dr. rajesh yalamanchili , md is a health care provider primarily located in hou...",
    "services": [
      "Asian-owned Dermatologists in Texas consultation",
      "Professional service",
      "Quality guarantee"
    ],
    "social_links": {}
  },
  {
    "name": "Sweetwater Dermatology Sugar Land TX Dr Likhari",
    "address": "",
    "phone": "832 . 615 . 3201",
    "rating": 4.6,
    "reviews": 55,
    "website": "https://www.sweetwaterdermatology.com/",
    "category": "Asian-owned Dermatologists in Texas",
    "hours": "Mon-Fri 9AM-6PM",
    "description": "3201 now accepting new patients providing evidence - based , personalized care empowering you through education helping you achieve healthy , ...",
    "services": [
      "Asian-owned Dermatologists in Texas consultation",
      "Professional service",
      "Quality guarantee"
    ],
    "social_links": {}
  },
  {
    "name": "Elite Dermatology & Plastic Surgery",
    "address": "",
    "phone": "",
    "rating": 4.8,
    "reviews": 60,
    "website": "https://www.elitedermatology.com/#",
    "category": "Asian-owned Dermatologists in Texas",
    "hours": "Mon-Fri 9AM-6PM",
    "description": "unparalleled care and expertise the experts in dermatology what we offer featured services medical dermatology cosmetic dermatology plastic surgery hair transplant mohs surgery elite...",
    "services": [
      "Asian-owned Dermatologists in Texas consultation",
      "Professional service",
      "Quality guarantee"
    ],
    "social_links": {}
  }
]