[
  {
    "name": "Precision Window Tinting Window Tint Las Vegas",
    "address": "7471 eastgate rd , henderson , nv 89011",
    "phone": "( 702 ) 466 - 6435",
    "rating": 4.0,
    "reviews": 15,
    "website": "https://www.precisionwindowtint.com/",
    "category": "Alaska-Native-owned Window tinting in Nevada",
    "hours": "Mon-Fri 9AM-6PM",
    "description": "+1 ( 702 ) 466 - 6435 henderson east location 7471 eastgate rd , henderson , nv 89011 hours mon - sat : 9am - 5pm phone 7024666435 window tint . ceramic coating .",
    "services": [
      "Alaska-Native-owned Window tinting in Nevada consultation",
      "Professional service",
      "Quality guarantee"
    ],
    "social_links": {}
  },
  {
    "name": "Thetintshoplasvegas",
    "address": "",
    "phone": "",
    "rating": 4.2,
    "reviews": 20,
    "website": "https://www.thetintshoplasvegas.com/",
    "category": "Alaska-Native-owned Window tinting in Nevada",
    "hours": "Mon-Fri 9AM-6PM",
    "description": "the tint shop las vegas side job window tinting is now the tint shop las vegas the tint shop las vegas premium quality products . honest , fair , upfront pricing .",
    "services": [
      "Alaska-Native-owned Window tinting in Nevada consultation",
      "Professional service",
      "Quality guarantee"
    ],
    "social_links": {}
  },
  {
    "name": "Desert Tint and Glass LLC",
    "address": "4200 griffis ave bldg 428 \n nellis afb , nv 89191",
    "phone": "702 . 488 . 0099",
    "rating": 4.4,
    "reviews": 25,
    "website": "https://deserttintlasvegas.com/",
    "category": "Alaska-Native-owned Window tinting in Nevada",
    "hours": "Mon-Fri 9AM-6PM",
    "description": "stop in today . 4200 griffis ave bldg 428 nellis afb , nv 89191 702 .",
    "services": [
      "Alaska-Native-owned Window tinting in Nevada consultation",
      "Professional service",
      "Quality guarantee"
    ],
    "social_links": {}
  },
  {
    "name": "Reno, NV",
    "address": "",
    "phone": "",
    "rating": 4.6,
    "reviews": 30,
    "website": "https://www.premiereno.com/",
    "category": "Alaska-Native-owned Window tinting in Nevada",
    "hours": "Mon-Fri 9AM-6PM",
    "description": "quality craftsmanship focusing on quality , not quantity . as of february 5 th , 2024 we will be at 9726 s virginia st.",
    "services": [
      "Alaska-Native-owned Window tinting in Nevada consultation",
      "Professional service",
      "Quality guarantee"
    ],
    "social_links": {}
  },
  {
    "name": "Polar Tint Henderson NV",
    "address": "",
    "phone": "( 702 ) 665 - 6009",
    "rating": 4.8,
    "reviews": 35,
    "website": "https://polartintshop.com/",
    "category": "Alaska-Native-owned Window tinting in Nevada",
    "hours": "Mon-Fri 9AM-6PM",
    "description": "serving las vegas and henderson , nv polar tint , keeping you cool . * formerly known as pro tint usa * henderson : ( 702 ) 665 - 6009 summerlin : ( 702 ) 551 - 6039 polar tint , keeping you...",
    "services": [
      "Alaska-Native-owned Window tinting in Nevada consultation",
      "Professional service",
      "Quality guarantee"
    ],
    "social_links": {}
  },
  {
    "name": "-456-8468",
    "address": "745 w sunset rd unit 2, henderson nv 89011",
    "phone": "702 - 456 - 8468",
    "rating": 4.0,
    "reviews": 40,
    "website": "https://www.tintprosnv.com/",
    "category": "Alaska-Native-owned Window tinting in Nevada",
    "hours": "Mon-Fri 9AM-6PM",
    "description": "we strive for excellence business hours monday - saturday : 8 am - 5 pm sunday : closed contact info phone : 702 - 456 - 8468 visit us at : 745 w sunset rd unit 2, henderson nv 89011...",
    "services": [
      "Alaska-Native-owned Window tinting in Nevada consultation",
      "Professional service",
      "Quality guarantee"
    ],
    "social_links": {}
  },
  {
    "name": "Las Vegas Window Tinting & Paint Protection Film services",
    "address": "4074 vanessa dr , las vegas , nv 89103",
    "phone": "702 - 530 - 8779",
    "rating": 4.2,
    "reviews": 45,
    "website": "https://www.lasvegaswindowtintnv.com",
    "category": "Alaska-Native-owned Window tinting in Nevada",
    "hours": "Mon-Fri 9AM-6PM",
    "description": "702 - 530 - 8779 4074 vanessa dr , las vegas , nv 89103 window tinting we provide the highest quality in window tinting services , and paint protection ( ppf ) . your las vegas window ti...",
    "services": [
      "Alaska-Native-owned Window tinting in Nevada consultation",
      "Professional service",
      "Quality guarantee"
    ],
    "social_links": {}
  },
  {
    "name": "About/Contact \u2014 Northern Nevada Window Tinting",
    "address": "",
    "phone": "",
    "rating": 4.4,
    "reviews": 50,
    "website": "https://nvtinting.com/about",
    "category": "Alaska-Native-owned Window tinting in Nevada",
    "hours": "Mon-Fri 9AM-6PM",
    "description": "proud to be nevada \u2019s 2020 dealer of the year . owner / operator - taylor swanson i 've been professionally tinting windows since my junior year of high school .",
    "services": [
      "Alaska-Native-owned Window tinting in Nevada consultation",
      "Professional service",
      "Quality guarantee"
    ],
    "social_links": {}
  },
  {
    "name": "Contact Green Valley Window Tint In Las Vegas",
    "address": "600 west sunset road henderson , nv 89011",
    "phone": "( 702 ) 566 - 4000",
    "rating": 4.6,
    "reviews": 55,
    "website": "https://www.greenvalleytint.com/contact-us/",
    "category": "Alaska-Native-owned Window tinting in Nevada",
    "hours": "Mon-Fri 9AM-6PM",
    "description": "contact green valley window tint how to reach us ( 702 ) 566 - 4000 600 west sunset road henderson , nv 89011 600 w sunset rd , henderson , nv 89011 ( 702 ) 566 - 4000 sales @ green vall...",
    "services": [
      "Alaska-Native-owned Window tinting in Nevada consultation",
      "Professional service",
      "Quality guarantee"
    ],
    "social_links": {}
  },
  {
    "name": "Loc8NearMe",
    "address": "",
    "phone": "( 775 ) 291 - 2209",
    "rating": 4.8,
    "reviews": 60,
    "website": "https://www.loc8nearme.com/nevada/reno/northern-nevada-window-tinting/5648442/",
    "category": "Alaska-Native-owned Window tinting in Nevada",
    "hours": "Mon-Fri 9AM-6PM",
    "description": "northern nevada window tinting hours : 8975 double diamond pkwy ste 7 a , reno nv 89521 ( 775 ) 291 - 2209 directions tips waiting rooms accepts credit cards free wi-fi hours monday 8a...",
    "services": [
      "Alaska-Native-owned Window tinting in Nevada consultation",
      "Professional service",
      "Quality guarantee"
    ],
    "social_links": {}
  }
]