[
  {
    "name": "Lessors Business Machines",
    "address": "",
    "phone": "( 520 ) 836 - 4801",
    "rating": 4.0,
    "reviews": 15,
    "website": "https://www.lessorsbusinessmachines.com/",
    "category": "American-Indian-owned On-site copier repair in Arizona",
    "hours": "Mon-Fri 9AM-6PM",
    "description": "sales and service : ( 520 ) 836 - 4801 302 e. cottonwood ln .",
    "services": [
      "American-Indian-owned On-site copier repair in Arizona consultation",
      "Professional service",
      "Quality guarantee"
    ],
    "social_links": {}
  },
  {
    "name": "Certifiedprinterrepair",
    "address": "",
    "phone": "( 602 ) 439 - 4899",
    "rating": 4.2,
    "reviews": 20,
    "website": "https://www.certifiedprinterrepair.net/",
    "category": "American-Indian-owned On-site copier repair in Arizona",
    "hours": "Mon-Fri 9AM-6PM",
    "description": "certified printer repair 15459 n 32 drive phoenix , az 85053 phone : ( 602 ) 439 - 4899 toll - free : ( 866 ) 972 - 5719 email : c princ @ q . com hours of operation : monday to friday...",
    "services": [
      "American-Indian-owned On-site copier repair in Arizona consultation",
      "Professional service",
      "Quality guarantee"
    ],
    "social_links": {}
  },
  {
    "name": "Azps",
    "address": "",
    "phone": "",
    "rating": 4.4,
    "reviews": 25,
    "website": "https://azps.com",
    "category": "American-Indian-owned On-site copier repair in Arizona",
    "hours": "Mon-Fri 9AM-6PM",
    "description": "copper star printers & toners welcome to : copper star printers & toners . & tucson toner .",
    "services": [
      "American-Indian-owned On-site copier repair in Arizona consultation",
      "Professional service",
      "Quality guarantee"
    ],
    "social_links": {}
  },
  {
    "name": "MapQuest",
    "address": "",
    "phone": "",
    "rating": 4.6,
    "reviews": 30,
    "website": "https://www.mapquest.com/us/arizona/sams-copier-repair-365070237",
    "category": "American-Indian-owned On-site copier repair in Arizona",
    "hours": "Mon-Fri 9AM-6PM",
    "description": "sam 's copier repair open 501 w 8th ave ste 2 mesa , az 85210 open until 5pm hours sun closed mon 8:00 am - 5:00 pm tue 8:00 am - 5:00 pm wed 8:00 am - 5:00 pm ...",
    "services": [
      "American-Indian-owned On-site copier repair in Arizona consultation",
      "Professional service",
      "Quality guarantee"
    ],
    "social_links": {}
  },
  {
    "name": "Arizona Copier Solutions",
    "address": "",
    "phone": "",
    "rating": 4.8,
    "reviews": 35,
    "website": "https://arizona-copier-solutions.com/ricoh-copier-repair",
    "category": "American-Indian-owned On-site copier repair in Arizona",
    "hours": "Mon-Fri 9AM-6PM",
    "description": "ricoh copier repair in phoenix metropolitan areas professional ricoh copier repair services by arizona copier solutions at arizona copier solutions , we are passionate about providing top - qualit...",
    "services": [
      "American-Indian-owned On-site copier repair in Arizona consultation",
      "Professional service",
      "Quality guarantee"
    ],
    "social_links": {}
  },
  {
    "name": "Arizona Copier Outlet",
    "address": "",
    "phone": "( 623 ) 581 - 6911",
    "rating": 4.0,
    "reviews": 40,
    "website": "https://arizona-copier-outlet.hub.biz/",
    "category": "American-Indian-owned On-site copier repair in Arizona",
    "hours": "Mon-Fri 9AM-6PM",
    "description": "arizona copier & printers outlet computers printers in phoenix , az 302 w melinda ln ste 6 deer valley - phoenix , az ( 623 ) 581 - 6911 about arizona copier & printers outlet : national ,...",
    "services": [
      "American-Indian-owned On-site copier repair in Arizona consultation",
      "Professional service",
      "Quality guarantee"
    ],
    "social_links": {}
  },
  {
    "name": "Mesa, AZ 85203",
    "address": "1460 e main st , mesa , az 85203",
    "phone": "",
    "rating": 4.2,
    "reviews": 45,
    "website": "https://www.yellowpages.com/mesa-az/mip/the-copier-guys-3555210",
    "category": "American-Indian-owned On-site copier repair in Arizona",
    "hours": "Mon-Fri 9AM-6PM",
    "description": "the copier guys copy machines service & repair , copy machines & supplies , office equipment & supplies closed now today : 8:00 am - 5:00 pm 1460 e main st , mesa , az 85203 hours regular ho...",
    "services": [
      "American-Indian-owned On-site copier repair in Arizona consultation",
      "Professional service",
      "Quality guarantee"
    ],
    "social_links": {}
  },
  {
    "name": "Arizona Copier Printers Outlet",
    "address": "",
    "phone": "( 623 ) 581 - 6911",
    "rating": 4.4,
    "reviews": 50,
    "website": "https://arizona-copier-printers-outlet.hub.biz/",
    "category": "American-Indian-owned On-site copier repair in Arizona",
    "hours": "Mon-Fri 9AM-6PM",
    "description": "arizona copier & printers outlet computers printers in phoenix , az 302 w melinda ln ste 6 deer valley - phoenix , az ( 623 ) 581 - 6911 about arizona copier & printers outlet : national ,...",
    "services": [
      "American-Indian-owned On-site copier repair in Arizona consultation",
      "Professional service",
      "Quality guarantee"
    ],
    "social_links": {}
  },
  {
    "name": "superpages.com",
    "address": "",
    "phone": "",
    "rating": 4.6,
    "reviews": 55,
    "website": "https://www.superpages.com/phoenix-az/copy-machines-service-repair",
    "category": "American-Indian-owned On-site copier repair in Arizona",
    "hours": "Mon-Fri 9AM-6PM",
    "description": "copy machine repair in phoenix , az 1 - 23 1. konica minolta business solutions copy machines service & repair copy machines & supplies 501 n 44th st ste 400 , phoenix , az , 85008 602 - 264...",
    "services": [
      "American-Indian-owned On-site copier repair in Arizona consultation",
      "Professional service",
      "Quality guarantee"
    ],
    "social_links": {}
  },
  {
    "name": "Desert Copy Service Az",
    "address": "",
    "phone": "( 480 ) 945 - 2563",
    "rating": 4.8,
    "reviews": 60,
    "website": "https://desert-copy-service-az.hub.biz/",
    "category": "American-Indian-owned On-site copier repair in Arizona",
    "hours": "Mon-Fri 9AM-6PM",
    "description": "desert copier repair service printers services in chandler , az 6320 w laredo st chandler , az - maricopa county ( 480 ) 945 - 2563 about desert copier repair service : desert copier repai...",
    "services": [
      "American-Indian-owned On-site copier repair in Arizona consultation",
      "Professional service",
      "Quality guarantee"
    ],
    "social_links": {}
  }
]