[
  {
    "name": "Business Directory",
    "address": "3917 douglas dr n \n crystal , mn 55422",
    "phone": "( 952 ) 738 - 1187",
    "rating": 4.0,
    "reviews": 15,
    "website": "https://web.stpaulchamber.com/cwt/external/wcpages/wcdirectory/Directory.aspx?AdKeyword=Social+Media&CategoryID=645&Title=Social+Media",
    "category": "Atheist-owned Social media management in Minnesota",
    "hours": "Mon-Fri 9AM-6PM",
    "description": "business directory social media ambit media company 1422 stanford ave st. paul , mn 55105 ( 952 ) 738 - 1187 member since 2024 cuban alana llc 3917 douglas dr n crystal , mn 55422 ...",
    "services": [
      "Atheist-owned Social media management in Minnesota consultation",
      "Professional service",
      "Quality guarantee"
    ],
    "social_links": {}
  },
  {
    "name": "Better Business Bureau. Start with Trust \u00ae",
    "address": "",
    "phone": "",
    "rating": 4.2,
    "reviews": 20,
    "website": "https://www.bbb.org/us/mn/minneapolis/category/social-media-consultant",
    "category": "Atheist-owned Social media management in Minnesota",
    "hours": "Mon-Fri 9AM-6PM",
    "description": "social media consultant category : social media consultant showing : 78 results for social media consultant near minneapolis , mn search results mod and company , llc marketing consultant ...",
    "services": [
      "Atheist-owned Social media management in Minnesota consultation",
      "Professional service",
      "Quality guarantee"
    ],
    "social_links": {}
  },
  {
    "name": "LinkedIn",
    "address": "",
    "phone": "",
    "rating": 4.4,
    "reviews": 25,
    "website": "https://es.linkedin.com/company/smrt-social",
    "category": "Atheist-owned Social media management in Minnesota",
    "hours": "Mon-Fri 9AM-6PM",
    "description": "smrt social marketing werbedienstleistungen ogden , utah 83 follower : innen helping businesses moneyball their marketing to grow their business . info we focus on optimizing social media to...",
    "services": [
      "Atheist-owned Social media management in Minnesota consultation",
      "Professional service",
      "Quality guarantee"
    ],
    "social_links": {}
  },
  {
    "name": "Find & Compare Social Media Professionals Minnesota",
    "address": "",
    "phone": "",
    "rating": 4.6,
    "reviews": 30,
    "website": "https://www.greenstillwater.org/minnesota/social-media",
    "category": "Atheist-owned Social media management in Minnesota",
    "hours": "Mon-Fri 9AM-6PM",
    "description": "showing 1 - 3 of 3 results social media results - minnesota kelsey depew design verified freelance website development and graphic design stillwater , minnesota , 55082 , united states lig...",
    "services": [
      "Atheist-owned Social media management in Minnesota consultation",
      "Professional service",
      "Quality guarantee"
    ],
    "social_links": {}
  },
  {
    "name": "Better Business Bureau. Start with Trust \u00ae",
    "address": "",
    "phone": "",
    "rating": 4.8,
    "reviews": 35,
    "website": "https://www.bbb.org/us/mn/minneapolis/category/social-media-marketing/accredited",
    "category": "Atheist-owned Social media management in Minnesota",
    "hours": "Mon-Fri 9AM-6PM",
    "description": "social media marketing minneapolis , mn category : social media marketing showing : 23 results for social media marketing near minneapolis , mn search results neuger communications group , i...",
    "services": [
      "Atheist-owned Social media management in Minnesota consultation",
      "Professional service",
      "Quality guarantee"
    ],
    "social_links": {}
  },
  {
    "name": "The Social Lights",
    "address": "",
    "phone": "",
    "rating": 4.0,
    "reviews": 40,
    "website": "https://thesociallights.com/",
    "category": "Atheist-owned Social media management in Minnesota",
    "hours": "Mon-Fri 9AM-6PM",
    "description": "we decode culture to activate fandoms our services we make things people want to share \u2122 social - first advertising , content + social strategy , creative production , social media p...",
    "services": [
      "Atheist-owned Social media management in Minnesota consultation",
      "Professional service",
      "Quality guarantee"
    ],
    "social_links": {}
  },
  {
    "name": "Better Business Bureau. Start with Trust \u00ae",
    "address": "",
    "phone": "",
    "rating": 4.2,
    "reviews": 45,
    "website": "https://www.bbb.org/us/mn/category/social-media-marketing/accredited",
    "category": "Atheist-owned Social media management in Minnesota",
    "hours": "Mon-Fri 9AM-6PM",
    "description": "category : social media marketing showing : 21 results for social media marketing near usa search results foundation technologies , llc computer services , internet service , network compute...",
    "services": [
      "Atheist-owned Social media management in Minnesota consultation",
      "Professional service",
      "Quality guarantee"
    ],
    "social_links": {}
  },
  {
    "name": "Expertise.com",
    "address": "",
    "phone": "",
    "rating": 4.4,
    "reviews": 50,
    "website": "https://www.expertise.com/business/social-media-marketing/minnesota/minneapolis",
    "category": "Atheist-owned Social media management in Minnesota",
    "hours": "Mon-Fri 9AM-6PM",
    "description": "best social media marketing agencies in minneapolis , mn our recommended top 15 our goal is to connect people with the best local professionals . we scored minneapolis social media marketing agenc...",
    "services": [
      "Atheist-owned Social media management in Minnesota consultation",
      "Professional service",
      "Quality guarantee"
    ],
    "social_links": {}
  },
  {
    "name": "Top MN Social Company",
    "address": "",
    "phone": "",
    "rating": 4.6,
    "reviews": 55,
    "website": "https://www.webfx.com/locations/minneapolis-mn/social-media/",
    "category": "Atheist-owned Social media management in Minnesota",
    "hours": "Mon-Fri 9AM-6PM",
    "description": "minneapolis social media services remove the complexity of social media with professional social media management services from our social media company in minneapolis , mn . with more than 24 mil...",
    "services": [
      "Atheist-owned Social media management in Minnesota consultation",
      "Professional service",
      "Quality guarantee"
    ],
    "social_links": {}
  },
  {
    "name": "Better Business Bureau. Start with Trust \u00ae",
    "address": "",
    "phone": "",
    "rating": 4.8,
    "reviews": 60,
    "website": "https://www.bbb.org/us/mn/minneapolis/category/social-media-consultant/accredited",
    "category": "Atheist-owned Social media management in Minnesota",
    "hours": "Mon-Fri 9AM-6PM",
    "description": "category : social media consultant showing : 13 results for social media consultant near minneapolis , mn search results neuger communications group , inc. communication consultant , web des...",
    "services": [
      "Atheist-owned Social media management in Minnesota consultation",
      "Professional service",
      "Quality guarantee"
    ],
    "social_links": {}
  }
]