[
  {
    "name": "iPhone, iPad and Cell Phone Repair Santa Fe, NM",
    "address": "",
    "phone": "",
    "rating": 4.0,
    "reviews": 15,
    "website": "https://www.cellphonerepair.com/santa-fe-nm",
    "category": "Buddhist-owned Mobile electronics repair in New-Mexico",
    "hours": "Mon-Fri 9AM-6PM",
    "description": "cpr cell phone repair santa fe , nm - iphone , ipad and computer repair cpr santa fe , nm - fast and affordable device repairs for phones , tablets , laptops , and more . 4250 cerrillos rd , s...",
    "services": [
      "Buddhist-owned Mobile electronics repair in New-Mexico consultation",
      "Professional service",
      "Quality guarantee"
    ],
    "social_links": {}
  },
  {
    "name": "ABQ Phone Repair & Accessories",
    "address": "7101 menaul blvd ne suite c albuquerque , nm 87110",
    "phone": "( 505 ) 336 - 1907",
    "rating": 4.2,
    "reviews": 20,
    "website": "https://abqphonerepair.com",
    "category": "Buddhist-owned Mobile electronics repair in New-Mexico",
    "hours": "Mon-Fri 9AM-6PM",
    "description": "abq phone repair & accessories 7101 menaul blvd ne suite c albuquerque , nm 87110 ( 505 ) 336 - 1907 top rated iphone and android smartphone repair services in albuquerque , nm same - day scre...",
    "services": [
      "Buddhist-owned Mobile electronics repair in New-Mexico consultation",
      "Professional service",
      "Quality guarantee"
    ],
    "social_links": {}
  },
  {
    "name": "Synergy Tech Repair",
    "address": "",
    "phone": "",
    "rating": 4.4,
    "reviews": 25,
    "website": "https://synergytechrepair.com/",
    "category": "Buddhist-owned Mobile electronics repair in New-Mexico",
    "hours": "Mon-Fri 9AM-6PM",
    "description": "no appointment required . choose between walk-in services , or schedule an appointment .",
    "services": [
      "Buddhist-owned Mobile electronics repair in New-Mexico consultation",
      "Professional service",
      "Quality guarantee"
    ],
    "social_links": {}
  },
  {
    "name": "Ubreakifix",
    "address": "",
    "phone": "",
    "rating": 4.6,
    "reviews": 30,
    "website": "https://www.ubreakifix.com/locations/albuquerquenortheast/smartphone-repair",
    "category": "Buddhist-owned Mobile electronics repair in New-Mexico",
    "hours": "Mon-Fri 9AM-6PM",
    "description": "cell phone repair in albuquerque northeast broken cell phone . our trusted albuquerque northeast experts can provide reliable repairs \u2014 fast .",
    "services": [
      "Buddhist-owned Mobile electronics repair in New-Mexico consultation",
      "Professional service",
      "Quality guarantee"
    ],
    "social_links": {}
  },
  {
    "name": "Phone, Tablet, Computers, Console Repairs Albuquerque, NM",
    "address": "2000 carlisle blvd . ne # e , albuquerque , nm 87110",
    "phone": "( 505 ) 361 - 7205",
    "rating": 4.8,
    "reviews": 35,
    "website": "https://www.irepairnm.com/",
    "category": "Buddhist-owned Mobile electronics repair in New-Mexico",
    "hours": "Mon-Fri 9AM-6PM",
    "description": "3715 las estancias ct suite 108 , albuquerque , nm 87121 ( 505 ) 361 - 7205 2000 carlisle blvd . ne # e , albuquerque , nm 87110 ( 505 ) 816 - 8462 3715 las estancias ct suite 108 , albuquerqu...",
    "services": [
      "Buddhist-owned Mobile electronics repair in New-Mexico consultation",
      "Professional service",
      "Quality guarantee"
    ],
    "social_links": {}
  },
  {
    "name": "San Mateo, New Mexico",
    "address": "",
    "phone": "( 505 ) 881 - 4023",
    "rating": 4.0,
    "reviews": 40,
    "website": "https://www.cellphonerepair.com/albuquerque-san-mateo-nm",
    "category": "Buddhist-owned Mobile electronics repair in New-Mexico",
    "hours": "Mon-Fri 9AM-6PM",
    "description": "cpr albuquerque - san mateo , nm - fast and affordable device repairs for phones , tablets , laptops , and more . 2529 san mateo blvd ne , 11 , albuquerque , nm 87110 ( 505 ) 881 - 4023 stor...",
    "services": [
      "Buddhist-owned Mobile electronics repair in New-Mexico consultation",
      "Professional service",
      "Quality guarantee"
    ],
    "social_links": {}
  },
  {
    "name": "Northwest, New Mexico",
    "address": "",
    "phone": "( 505 ) 831 - 0171",
    "rating": 4.2,
    "reviews": 45,
    "website": "https://www.cellphonerepair.com/albuquerque-northwest-nm",
    "category": "Buddhist-owned Mobile electronics repair in New-Mexico",
    "hours": "Mon-Fri 9AM-6PM",
    "description": "cpr albuquerque - northwest , nm - same day device repairs for phones , tablets , laptops , and more . 5241 ouray rd nw , suite b 1 , albuquerque , nm 87120 ( 505 ) 831 - 0171 store hours ...",
    "services": [
      "Buddhist-owned Mobile electronics repair in New-Mexico consultation",
      "Professional service",
      "Quality guarantee"
    ],
    "social_links": {}
  },
  {
    "name": "CPR Albuquerque, New Mexico",
    "address": "",
    "phone": "",
    "rating": 4.4,
    "reviews": 50,
    "website": "https://www.cellphonerepair.com/albuquerque-nm",
    "category": "Buddhist-owned Mobile electronics repair in New-Mexico",
    "hours": "Mon-Fri 9AM-6PM",
    "description": "cpr cell phone repair albuquerque , nm - iphone , ipad and computer repair cpr albuquerque , nm - fast and affordable device repairs for phones , tablets , laptops , and more . 8100 wyoming bl...",
    "services": [
      "Buddhist-owned Mobile electronics repair in New-Mexico consultation",
      "Professional service",
      "Quality guarantee"
    ],
    "social_links": {}
  },
  {
    "name": "Durango's #1 Repair Shop",
    "address": "140 west 8th street durango , co 81301",
    "phone": "( 970 ) 799 - 2717",
    "rating": 4.6,
    "reviews": 55,
    "website": "https://www.tech-nichol.com",
    "category": "Buddhist-owned Mobile electronics repair in New-Mexico",
    "hours": "Mon-Fri 9AM-6PM",
    "description": "mail @ tech - nichol . com ( 970 ) 799 - 2717 140 west 8th street durango , co 81301 tech - nichol : your device repair experts .",
    "services": [
      "Buddhist-owned Mobile electronics repair in New-Mexico consultation",
      "Professional service",
      "Quality guarantee"
    ],
    "social_links": {}
  },
  {
    "name": "Device Doctors of Grand County",
    "address": "",
    "phone": "( 970 ) 531 - 1416",
    "rating": 4.8,
    "reviews": 60,
    "website": "https://www.devicedoctors.net/",
    "category": "Buddhist-owned Mobile electronics repair in New-Mexico",
    "hours": "Mon-Fri 9AM-6PM",
    "description": "( 970 ) 531 - 1416 in a hurry call ( 970 ) 531 - 1416 what can we fix for you today . we fix problems fast .",
    "services": [
      "Buddhist-owned Mobile electronics repair in New-Mexico consultation",
      "Professional service",
      "Quality guarantee"
    ],
    "social_links": {}
  }
]